{
  "Title": "Starforged Oracles - Settlement",
  "Source": {
    "Name": "Starforged Playtest Oracles",
    "Version": "091420"
  },
  "Oracles": {
    "Location": [
      {
        "Chance": 40,
        "Description": "Planetside"
      },
      {
        "Chance": 75,
        "Description": "Orbital"
      },
      {
        "Chance": 100,
        "Description": "Deep space"
      }
    ],
    "Population": {
      "Terminus": [
        {
          "Chance": 10,
          "Description": "Few"
        },
        {
          "Chance": 25,
          "Description": "Dozens"
        },
        {
          "Chance": 55,
          "Description": "Hundreds"
        },
        {
          "Chance": 85,
          "Description": "Thousands"
        },
        {
          "Chance": 100,
          "Description": "Tens of thousands"
        }
      ],
      "Outlands": [
        {
          "Chance": 15,
          "Description": "Few"
        },
        {
          "Chance": 35,
          "Description": "Dozens"
        },
        {
          "Chance": 65,
          "Description": "Hundreds"
        },
        {
          "Chance": 90,
          "Description": "Thousands"
        },
        {
          "Chance": 100,
          "Description": "Tens of thousands"
        }
      ],
      "Expanse": [
        {
          "Chance": 20,
          "Description": "Few"
        },
        {
          "Chance": 50,
          "Description": "Dozens"
        },
        {
          "Chance": 80,
          "Description": "Hundreds"
        },
        {
          "Chance": 95,
          "Description": "Thousands"
        },
        {
          "Chance": 100,
          "Description": "Tens of thousands"
        }
      ]
    },
    "First Look": [
      {
        "Chance": 3,
        "Description": "Beautiful architecture"
      },
      {
        "Chance": 9,
        "Description": "Built from organic materials"
      },
      {
        "Chance": 15,
        "Description": "Built from random scrap"
      },
      {
        "Chance": 20,
        "Description": "Defensible location"
      },
      {
        "Chance": 24,
        "Description": "Elevated / multi-level construction"
      },
      {
        "Chance": 29,
        "Description": "Hidden / subsurface location"
      },
      {
        "Chance": 32,
        "Description": "High-tech construction"
      },
      {
        "Chance": 38,
        "Description": "Industrial architecture"
      },
      {
        "Chance": 43,
        "Description": "Integrated with the environment"
      },
      {
        "Chance": 47,
        "Description": "Intimidating defenses"
      },
      {
        "Chance": 50,
        "Description": "Moving / transforming architecture"
      },
      {
        "Chance": 55,
        "Description": "Obvious social stratification"
      },
      {
        "Chance": 60,
        "Description": "Precarious location"
      },
      {
        "Chance": 66,
        "Description": "Repurposed derelict ship"
      },
      {
        "Chance": 72,
        "Description": "Rustic architecture"
      },
      {
        "Chance": 76,
        "Description": "Significant structural damage"
      },
      {
        "Chance": 80,
        "Description": "Sprawling / dispersed structures"
      },
      {
        "Chance": 83,
        "Description": "Temporary / seasonal location"
      },
      {
        "Chance": 87,
        "Description": "Toxic / polluted habitat"
      },
      {
        "Chance": 90,
        "Description": "Within / among precursor ruins"
      },
      {
        "Chance": 100,
        "Description": "[Descriptor/Focus]"
      }
    ],
    "Initial Contact": [
      {
        "Chance": 10,
        "Description": "Welcoming"
      },
      {
        "Chance": 25,
        "Description": "Neutral/automated"
      },
      {
        "Chance": 45,
        "Description": "Wary"
      },
      {
        "Chance": 55,
        "Description": "Uncooperative"
      },
      {
        "Chance": 65,
        "Description": "Hostile"
      },
      {
        "Chance": 78,
        "Description": "Asking for help"
      },
      {
        "Chance": 81,
        "Description": "In battle"
      },
      {
        "Chance": 84,
        "Description": "Captured"
      },
      {
        "Chance": 94,
        "Description": "Unresponsive"
      },
      {
        "Chance": 97,
        "Description": "Abandoned"
      },
      {
        "Chance": 100,
        "Description": "Destroyed"
      }
    ],
    "Authority": [
      {
        "Chance": 15,
        "Description": "None / lawless"
      },
      {
        "Chance": 30,
        "Description": "Ineffectual"
      },
      {
        "Chance": 45,
        "Description": "Tolerant"
      },
      {
        "Chance": 55,
        "Description": "Fair"
      },
      {
        "Chance": 70,
        "Description": "Unyielding"
      },
      {
        "Chance": 85,
        "Description": "Corrupt"
      },
      {
        "Chance": 100,
        "Description": "Oppressive"
      }
    ],
    "Projects": [
      {
        "Chance": 5,
        "Description": "Agriculture"
      },
      {
        "Chance": 7,
        "Description": "Archeology"
      },
      {
        "Chance": 9,
        "Description": "Automation"
      },
      {
        "Chance": 11,
        "Description": "Black market"
      },
      {
        "Chance": 13,
        "Description": "Command"
      },
      {
        "Chance": 17,
        "Description": "Defense"
      },
      {
        "Chance": 22,
        "Description": "Energy"
      },
      {
        "Chance": 25,
        "Description": "Engineering"
      },
      {
        "Chance": 27,
        "Description": "Entertainment"
      },
      {
        "Chance": 29,
        "Description": "Environmentalism"
      },
      {
        "Chance": 31,
        "Description": "Evacuation"
      },
      {
        "Chance": 33,
        "Description": "Expansion"
      },
      {
        "Chance": 37,
        "Description": "Exploration"
      },
      {
        "Chance": 39,
        "Description": "Festival"
      },
      {
        "Chance": 41,
        "Description": "History"
      },
      {
        "Chance": 43,
        "Description": "Hunting"
      },
      {
        "Chance": 46,
        "Description": "Manufacturing"
      },
      {
        "Chance": 49,
        "Description": "Medical"
      },
      {
        "Chance": 51,
        "Description": "Migration"
      },
      {
        "Chance": 57,
        "Description": "Mining"
      },
      {
        "Chance": 59,
        "Description": "Pacifism"
      },
      {
        "Chance": 62,
        "Description": "Raiding"
      },
      {
        "Chance": 65,
        "Description": "Research"
      },
      {
        "Chance": 69,
        "Description": "Salvage"
      },
      {
        "Chance": 72,
        "Description": "Secrecy"
      },
      {
        "Chance": 75,
        "Description": "Shipbuilding"
      },
      {
        "Chance": 78,
        "Description": "Spirituality"
      },
      {
        "Chance": 84,
        "Description": "Subsistence"
      },
      {
        "Chance": 86,
        "Description": "Surveillance"
      },
      {
        "Chance": 88,
        "Description": "Terraforming"
      },
      {
        "Chance": 92,
        "Description": "Trade"
      },
      {
        "Chance": 95,
        "Description": "Warfare"
      },
      {
        "Chance": 100,
        "Description": "[Action/Theme]"
      }
    ],
    "Trouble": [
      {
        "Chance": 3,
        "Description": "Betrayal from within"
      },
      {
        "Chance": 7,
        "Description": "Blocked resource"
      },
      {
        "Chance": 9,
        "Description": "Caught in the crossfire"
      },
      {
        "Chance": 13,
        "Description": "Changing environment"
      },
      {
        "Chance": 15,
        "Description": "Clash of cultures"
      },
      {
        "Chance": 19,
        "Description": "Dangerous discovery"
      },
      {
        "Chance": 23,
        "Description": "Depleted resource"
      },
      {
        "Chance": 27,
        "Description": "Failing technology"
      },
      {
        "Chance": 31,
        "Description": "Feuding clans"
      },
      {
        "Chance": 35,
        "Description": "Hazardous environment"
      },
      {
        "Chance": 39,
        "Description": "Hostile lifeforms"
      },
      {
        "Chance": 42,
        "Description": "Impending attack"
      },
      {
        "Chance": 45,
        "Description": "Impending natural disaster"
      },
      {
        "Chance": 47,
        "Description": "Invasive nature / lifeform"
      },
      {
        "Chance": 49,
        "Description": "Mysterious deaths"
      },
      {
        "Chance": 52,
        "Description": "Plagued by sickness"
      },
      {
        "Chance": 55,
        "Description": "Preyed upon by raiders"
      },
      {
        "Chance": 57,
        "Description": "Revolt against leadership"
      },
      {
        "Chance": 59,
        "Description": "Sabotaged technology"
      },
      {
        "Chance": 62,
        "Description": "Social strife"
      },
      {
        "Chance": 64,
        "Description": "Someone is ill / injured"
      },
      {
        "Chance": 66,
        "Description": "Someone is missing"
      },
      {
        "Chance": 68,
        "Description": "Stolen technology / object"
      },
      {
        "Chance": 71,
        "Description": "Strange phenomenon"
      },
      {
        "Chance": 73,
        "Description": "Supernatural forces"
      },
      {
        "Chance": 76,
        "Description": "Toxic waste/pollution"
      },
      {
        "Chance": 78,
        "Description": "Volatile energy source"
      },
      {
        "Chance": 80,
        "Description": "Vulnerable lifeforms"
      },
      {
        "Chance": 90,
        "Description": "[Action/Theme]"
      },
      {
        "Chance": 100,
        "Description": "[Roll twice]"
      }
    ],
    "Name": [
      {
        "Chance": 1,
        "Description": "Acropolis"
      },
      {
        "Chance": 2,
        "Description": "Aegis"
      },
      {
        "Chance": 3,
        "Description": "Altair"
      },
      {
        "Chance": 4,
        "Description": "Amity"
      },
      {
        "Chance": 5,
        "Description": "Apogee"
      },
      {
        "Chance": 6,
        "Description": "Apogee"
      },
      {
        "Chance": 7,
        "Description": "Argosy"
      },
      {
        "Chance": 8,
        "Description": "Artemis"
      },
      {
        "Chance": 9,
        "Description": "Astra"
      },
      {
        "Chance": 10,
        "Description": "Aurora"
      },
      {
        "Chance": 11,
        "Description": "Beowulf"
      },
      {
        "Chance": 12,
        "Description": "Brink"
      },
      {
        "Chance": 13,
        "Description": "Burnell"
      },
      {
        "Chance": 14,
        "Description": "Burrow"
      },
      {
        "Chance": 15,
        "Description": "Cerberus"
      },
      {
        "Chance": 16,
        "Description": "Chasm"
      },
      {
        "Chance": 17,
        "Description": "Corvus"
      },
      {
        "Chance": 18,
        "Description": "Deception"
      },
      {
        "Chance": 19,
        "Description": "Dusk"
      },
      {
        "Chance": 20,
        "Description": "Elysium"
      },
      {
        "Chance": 21,
        "Description": "Enigma"
      },
      {
        "Chance": 22,
        "Description": "Erebus"
      },
      {
        "Chance": 23,
        "Description": "Eris"
      },
      {
        "Chance": 24,
        "Description": "Evenfall"
      },
      {
        "Chance": 25,
        "Description": "Eventide"
      },
      {
        "Chance": 26,
        "Description": "Felicity"
      },
      {
        "Chance": 27,
        "Description": "Ferrous"
      },
      {
        "Chance": 28,
        "Description": "Florin"
      },
      {
        "Chance": 29,
        "Description": "Forlorn"
      },
      {
        "Chance": 30,
        "Description": "Forsaken"
      },
      {
        "Chance": 31,
        "Description": "Freya"
      },
      {
        "Chance": 32,
        "Description": "Gloam"
      },
      {
        "Chance": 33,
        "Description": "Haven"
      },
      {
        "Chance": 34,
        "Description": "Helia"
      },
      {
        "Chance": 35,
        "Description": "Horizon"
      },
      {
        "Chance": 36,
        "Description": "Hypatia"
      },
      {
        "Chance": 37,
        "Description": "Hyperion"
      },
      {
        "Chance": 38,
        "Description": "Janus"
      },
      {
        "Chance": 39,
        "Description": "Karma"
      },
      {
        "Chance": 40,
        "Description": "Kepler"
      },
      {
        "Chance": 41,
        "Description": "Lagrange"
      },
      {
        "Chance": 42,
        "Description": "Larissa"
      },
      {
        "Chance": 43,
        "Description": "Lasthope"
      },
      {
        "Chance": 44,
        "Description": "Lastport"
      },
      {
        "Chance": 45,
        "Description": "Legacy"
      },
      {
        "Chance": 46,
        "Description": "Lodestar"
      },
      {
        "Chance": 47,
        "Description": "Luminus"
      },
      {
        "Chance": 48,
        "Description": "Lyra"
      },
      {
        "Chance": 49,
        "Description": "Marrow"
      },
      {
        "Chance": 50,
        "Description": "Moirai"
      },
      {
        "Chance": 51,
        "Description": "Nemesis"
      },
      {
        "Chance": 52,
        "Description": "Neoma"
      },
      {
        "Chance": 53,
        "Description": "Nova"
      },
      {
        "Chance": 54,
        "Description": "Nyx"
      },
      {
        "Chance": 55,
        "Description": "Osiris"
      },
      {
        "Chance": 56,
        "Description": "Osseus"
      },
      {
        "Chance": 57,
        "Description": "Paradox"
      },
      {
        "Chance": 58,
        "Description": "Paragon"
      },
      {
        "Chance": 59,
        "Description": "Paxton"
      },
      {
        "Chance": 60,
        "Description": "Polaris"
      },
      {
        "Chance": 61,
        "Description": "Portent"
      },
      {
        "Chance": 62,
        "Description": "Prism"
      },
      {
        "Chance": 63,
        "Description": "Providence"
      },
      {
        "Chance": 64,
        "Description": "Purgatory"
      },
      {
        "Chance": 65,
        "Description": "Rampart"
      },
      {
        "Chance": 66,
        "Description": "Ramshackle"
      },
      {
        "Chance": 67,
        "Description": "Redemption"
      },
      {
        "Chance": 68,
        "Description": "Reprise"
      },
      {
        "Chance": 69,
        "Description": "Reverie"
      },
      {
        "Chance": 70,
        "Description": "Rockhome"
      },
      {
        "Chance": 71,
        "Description": "Rust"
      },
      {
        "Chance": 72,
        "Description": "Sagan"
      },
      {
        "Chance": 73,
        "Description": "Sanctum"
      },
      {
        "Chance": 74,
        "Description": "Scirocco"
      },
      {
        "Chance": 75,
        "Description": "Selena"
      },
      {
        "Chance": 76,
        "Description": "Sepulcher"
      },
      {
        "Chance": 77,
        "Description": "Sigil"
      },
      {
        "Chance": 78,
        "Description": "Silvana"
      },
      {
        "Chance": 79,
        "Description": "Sirius"
      },
      {
        "Chance": 80,
        "Description": "Sisyphus"
      },
      {
        "Chance": 81,
        "Description": "Solitude"
      },
      {
        "Chance": 82,
        "Description": "Spire"
      },
      {
        "Chance": 83,
        "Description": "Starfall"
      },
      {
        "Chance": 84,
        "Description": "Sundown"
      },
      {
        "Chance": 85,
        "Description": "Tesla"
      },
      {
        "Chance": 86,
        "Description": "Themis"
      },
      {
        "Chance": 87,
        "Description": "Threshold"
      },
      {
        "Chance": 88,
        "Description": "Tranquility"
      },
      {
        "Chance": 89,
        "Description": "Tyson"
      },
      {
        "Chance": 90,
        "Description": "Unity"
      },
      {
        "Chance": 91,
        "Description": "Utopia"
      },
      {
        "Chance": 92,
        "Description": "Vega"
      },
      {
        "Chance": 93,
        "Description": "Verge"
      },
      {
        "Chance": 94,
        "Description": "Vesper"
      },
      {
        "Chance": 95,
        "Description": "Vestige"
      },
      {
        "Chance": 96,
        "Description": "Wayward"
      },
      {
        "Chance": 97,
        "Description": "Welkin"
      },
      {
        "Chance": 98,
        "Description": "Wellpsring"
      },
      {
        "Chance": 99,
        "Description": "Wreck"
      },
      {
        "Chance": 100,
        "Description": "Zenith"
      }
    ]
  }
}
