{
  "Title": "Starforged Oracles - Starship",
  "Source": {
    "Name": "Starforged Playtest Oracles",
    "Version": "091420"
  },
  "Oracles": {
    "Starship Type": [
      {
        "Chance": 2,
        "Class": "Carrier",
        "Typical Role": "Launches fighters"
      },
      {
        "Chance": 6,
        "Class": "Corvette",
        "Typical Role": "Light attack ship"
      },
      {
        "Chance": 11,
        "Class": "Courier",
        "Typical Role": "Fast transport"
      },
      {
        "Chance": 14,
        "Class": "Cruiser",
        "Typical Role": "Medium attack ship"
      },
      {
        "Chance": 16,
        "Class": "Dreadnought",
        "Typical Role": "Heavy attack ship"
      },
      {
        "Chance": 19,
        "Class": "Escape pod",
        "Typical Role": "Survival craft"
      },
      {
        "Chance": 22,
        "Class": "Foundry",
        "Typical Role": "Mobile construction platform"
      },
      {
        "Chance": 27,
        "Class": "Harvester",
        "Typical Role": "Fuel / energy excavator"
      },
      {
        "Chance": 32,
        "Class": "Hauler",
        "Typical Role": "Heavy transport"
      },
      {
        "Chance": 35,
        "Class": "Hunter",
        "Typical Role": "Stealthy attack ship"
      },
      {
        "Chance": 40,
        "Class": "Ironhome",
        "Typical Role": "Habitat ship"
      },
      {
        "Chance": 44,
        "Class": "Mender",
        "Typical Role": "Utility / repair"
      },
      {
        "Chance": 49,
        "Class": "Outbounder",
        "Typical Role": "Remote survey / research"
      },
      {
        "Chance": 52,
        "Class": "Pennant",
        "Typical Role": "Command ship"
      },
      {
        "Chance": 57,
        "Class": "Prospector",
        "Typical Role": "Mineral excavator"
      },
      {
        "Chance": 61,
        "Class": "Reclaimer",
        "Typical Role": "Salvage / rescue"
      },
      {
        "Chance": 64,
        "Class": "Shuttle",
        "Typical Role": "Short-range transport"
      },
      {
        "Chance": 67,
        "Class": "Snub fighter",
        "Typical Role": "Small attack craft"
      },
      {
        "Chance": 80,
        "Class": "Multipurpose",
        "Typical Role": "[Starship mission]"
      },
      {
        "Chance": 90,
        "Class": "[Fleet]"
      },
      {
        "Chance": 100,
        "Class": "Ships in conflict: [Roll twice]"
      }
    ],
    "Fleet": [
      {"Chance": 15, "Description": "Transport and escorts"},
      {"Chance": 65, "Description": "Salvager hive"},
      {"Chance": 25, "Description": "Attack wing"},
      {"Chance": 80, "Description": "Raider clan"},
      {"Chance": 40, "Description": "Trade caravan"},
      {"Chance": 90, "Description": "Battle fleet"},
      {"Chance": 55, "Description": "Settler caravan"},
      {"Chance": 100, "Description": "[Starship Mission]"}
    ],
    "Initial Contact": [
      {
        "Chance": 2,
        "Description": "Familiar"
      },
      {
        "Chance": 10,
        "Description": "Friendly"
      },
      {
        "Chance": 20,
        "Description": "Neutral / automated"
      },
      {
        "Chance": 30,
        "Description": "Wary"
      },
      {
        "Chance": 35,
        "Description": "Dismissive"
      },
      {
        "Chance": 45,
        "Description": "Uncooperative"
      },
      {
        "Chance": 60,
        "Description": "Hostile"
      },
      {
        "Chance": 70,
        "Description": "Asking for help"
      },
      {
        "Chance": 75,
        "Description": "In battle"
      },
      {
        "Chance": 85,
        "Description": "Unresponsive"
      },
      {
        "Chance": 95,
        "Description": "Derelict"
      },
      {
        "Chance": 100,
        "Description": "Destroyed"
      }
    ],
    "First Look": [
      {
        "Chance": 4,
        "Description": "Abnormal sensor readings"
      },
      {
        "Chance": 8,
        "Description": "Brightly painted"
      },
      {
        "Chance": 13,
        "Description": "Bristling with weapons"
      },
      {
        "Chance": 18,
        "Description": "Dark / stealthy"
      },
      {
        "Chance": 23,
        "Description": "Heavy armor"
      },
      {
        "Chance": 28,
        "Description": "Immobile"
      },
      {
        "Chance": 33,
        "Description": "Intimidating profile"
      },
      {
        "Chance": 37,
        "Description": "Large sensor arrays"
      },
      {
        "Chance": 41,
        "Description": "Leaking radiation"
      },
      {
        "Chance": 45,
        "Description": "Low-profile / disguised"
      },
      {
        "Chance": 49,
        "Description": "Modern / advanced design"
      },
      {
        "Chance": 54,
        "Description": "Obsolete design"
      },
      {
        "Chance": 59,
        "Description": "Obvious damage"
      },
      {
        "Chance": 63,
        "Description": "Organic components"
      },
      {
        "Chance": 67,
        "Description": "Ornate markings"
      },
      {
        "Chance": 71,
        "Description": "Oversized engines"
      },
      {
        "Chance": 75,
        "Description": "Prominent guild emblem"
      },
      {
        "Chance": 80,
        "Description": "Refitted / repurposed hull"
      },
      {
        "Chance": 85,
        "Description": "Scarred hull"
      },
      {
        "Chance": 90,
        "Description": "Built from scrap"
      },
      {
        "Chance": 94,
        "Description": "Towing / linked"
      },
      {
        "Chance": 100,
        "Description": "[Descriptor/Focus]"
      }
    ],
    "Starship Mission": {
      "Terminus": [
        {
          "Chance": 3,
          "Description": "Blockade a location"
        },
        {
          "Chance": 6,
          "Description": "Break a blockade"
        },
        {
          "Chance": 9,
          "Description": "Collect a resource"
        },
        {
          "Chance": 11,
          "Description": "Command others"
        },
        {
          "Chance": 14,
          "Description": "Conduct diplomacy"
        },
        {
          "Chance": 17,
          "Description": "Conduct espionage"
        },
        {
          "Chance": 20,
          "Description": "Conduct piracy"
        },
        {
          "Chance": 23,
          "Description": "Conduct research"
        },
        {
          "Chance": 26,
          "Description": "Defend against an attack"
        },
        {
          "Chance": 29,
          "Description": "Deliver messages / data"
        },
        {
          "Chance": 32,
          "Description": "Establish a settlement"
        },
        {
          "Chance": 35,
          "Description": "Evacuate a location"
        },
        {
          "Chance": 37,
          "Description": "Explore a region"
        },
        {
          "Chance": 39,
          "Description": "Hold prisoners"
        },
        {
          "Chance": 42,
          "Description": "Hunt down another ship"
        },
        {
          "Chance": 45,
          "Description": "Launch an attack"
        },
        {
          "Chance": 48,
          "Description": "Patrol an area"
        },
        {
          "Chance": 51,
          "Description": "Provide medical aid"
        },
        {
          "Chance": 54,
          "Description": "Provide repairs"
        },
        {
          "Chance": 57,
          "Description": "Provide shelter"
        },
        {
          "Chance": 59,
          "Description": "Quarantine a danger"
        },
        {
          "Chance": 62,
          "Description": "Raid a settlement"
        },
        {
          "Chance": 65,
          "Description": "Resupply a settlement"
        },
        {
          "Chance": 68,
          "Description": "Retrieve salvage"
        },
        {
          "Chance": 71,
          "Description": "Search and rescue"
        },
        {
          "Chance": 74,
          "Description": "Smuggle cargo"
        },
        {
          "Chance": 77,
          "Description": "Survey a site"
        },
        {
          "Chance": 79,
          "Description": "Test a technology"
        },
        {
          "Chance": 82,
          "Description": "Transport cargo"
        },
        {
          "Chance": 85,
          "Description": "Transport passengers"
        },
        {
          "Chance": 90,
          "Description": "[Action/Theme]"
        },
        {
          "Chance": 100,
          "Description": "[Roll twice]"
        }
      ],
      "Outlands": [
        {
          "Chance": 2,
          "Description": "Blockade a location"
        },
        {
          "Chance": 4,
          "Description": "Break a blockade"
        },
        {
          "Chance": 7,
          "Description": "Collect a resource"
        },
        {
          "Chance": 9,
          "Description": "Command others"
        },
        {
          "Chance": 11,
          "Description": "Conduct diplomacy"
        },
        {
          "Chance": 13,
          "Description": "Conduct espionage"
        },
        {
          "Chance": 16,
          "Description": "Conduct piracy"
        },
        {
          "Chance": 20,
          "Description": "Conduct research"
        },
        {
          "Chance": 24,
          "Description": "Defend against an attack"
        },
        {
          "Chance": 28,
          "Description": "Deliver messages / data"
        },
        {
          "Chance": 32,
          "Description": "Establish a settlement"
        },
        {
          "Chance": 36,
          "Description": "Evacuate a location"
        },
        {
          "Chance": 40,
          "Description": "Explore a region"
        },
        {
          "Chance": 42,
          "Description": "Hold prisoners"
        },
        {
          "Chance": 45,
          "Description": "Hunt down another ship"
        },
        {
          "Chance": 48,
          "Description": "Launch an attack"
        },
        {
          "Chance": 50,
          "Description": "Patrol an area"
        },
        {
          "Chance": 53,
          "Description": "Provide medical aid"
        },
        {
          "Chance": 56,
          "Description": "Provide repairs"
        },
        {
          "Chance": 59,
          "Description": "Provide shelter"
        },
        {
          "Chance": 61,
          "Description": "Quarantine a danger"
        },
        {
          "Chance": 64,
          "Description": "Raid a settlement"
        },
        {
          "Chance": 68,
          "Description": "Resupply a settlement"
        },
        {
          "Chance": 71,
          "Description": "Retrieve salvage"
        },
        {
          "Chance": 73,
          "Description": "Search and rescue"
        },
        {
          "Chance": 75,
          "Description": "Smuggle cargo"
        },
        {
          "Chance": 78,
          "Description": "Survey a site"
        },
        {
          "Chance": 80,
          "Description": "Test a technology"
        },
        {
          "Chance": 83,
          "Description": "Transport cargo"
        },
        {
          "Chance": 85,
          "Description": "Transport passengers"
        },
        {
          "Chance": 90,
          "Description": "[Action/Theme]"
        },
        {
          "Chance": 100,
          "Description": "[Roll twice]"
        }
      ],
      "Expanse": [
        {
          "Chance": 2,
          "Description": "Blockade a location"
        },
        {
          "Chance": 4,
          "Description": "Break a blockade"
        },
        {
          "Chance": 8,
          "Description": "Collect a resource"
        },
        {
          "Chance": 10,
          "Description": "Command others"
        },
        {
          "Chance": 12,
          "Description": "Conduct diplomacy"
        },
        {
          "Chance": 14,
          "Description": "Conduct espionage"
        },
        {
          "Chance": 16,
          "Description": "Conduct piracy"
        },
        {
          "Chance": 22,
          "Description": "Conduct research"
        },
        {
          "Chance": 25,
          "Description": "Defend against an attack"
        },
        {
          "Chance": 29,
          "Description": "Deliver messages / data"
        },
        {
          "Chance": 35,
          "Description": "Establish a settlement"
        },
        {
          "Chance": 39,
          "Description": "Evacuate a location"
        },
        {
          "Chance": 45,
          "Description": "Explore a region"
        },
        {
          "Chance": 47,
          "Description": "Hold prisoners"
        },
        {
          "Chance": 49,
          "Description": "Hunt down another ship"
        },
        {
          "Chance": 51,
          "Description": "Launch an attack"
        },
        {
          "Chance": 53,
          "Description": "Patrol an area"
        },
        {
          "Chance": 55,
          "Description": "Provide medical aid"
        },
        {
          "Chance": 57,
          "Description": "Provide repairs"
        },
        {
          "Chance": 61,
          "Description": "Provide shelter"
        },
        {
          "Chance": 63,
          "Description": "Quarantine a danger"
        },
        {
          "Chance": 65,
          "Description": "Raid a settlement"
        },
        {
          "Chance": 69,
          "Description": "Resupply a settlement"
        },
        {
          "Chance": 71,
          "Description": "Retrieve salvage"
        },
        {
          "Chance": 73,
          "Description": "Search and rescue"
        },
        {
          "Chance": 75,
          "Description": "Smuggle cargo"
        },
        {
          "Chance": 77,
          "Description": "Survey a site"
        },
        {
          "Chance": 79,
          "Description": "Test a technology"
        },
        {
          "Chance": 83,
          "Description": "Transport cargo"
        },
        {
          "Chance": 85,
          "Description": "Transport passengers"
        },
        {
          "Chance": 90,
          "Description": "[Action/Theme]"
        },
        {
          "Chance": 100,
          "Description": "[Roll twice]"
        }
      ]
    },
    "Starship Name": ["not yet available"]
  }
}
