{
  "Title": "Launching Your Campaign - Oracles",
  "Source": {
    "Name": "Launching Your Campaign",
    "Version": "112220",
    "Page": "27-30, 47"
  },
  "Oracles": {
    "Backstory Prompts": [
      {
        "Chance": 7,
        "Description": "You abandoned your kin after learning a troubling truth"
      },
      {
        "Chance": 14,
        "Description": "You are guided by a vision or prophesy"
      },
      {
        "Chance": 21,
        "Description": "You are haunted by past actions or failures"
      },
      {
        "Chance": 28,
        "Description": "You are running from a criminal past"
      },
      {
        "Chance": 36,
        "Description": "You are the sole survivor of an attack or calamity"
      },
      {
        "Chance": 43,
        "Description": "You escaped an abusive or unjust situation"
      },
      {
        "Chance": 50,
        "Description": "You have no memory of your former life"
      },
      {
        "Chance": 57,
        "Description": "You rejected a duty or destiny"
      },
      {
        "Chance": 65,
        "Description": "You were cast out of your former home"
      },
      {
        "Chance": 72,
        "Description": "You were denied a birthright"
      },
      {
        "Chance": 79,
        "Description": "You were on your own for as long as you can remember"
      },
      {
        "Chance": 86,
        "Description": "You were taken or lured away by someone"
      },
      {
        "Chance": 93,
        "Description": "Your ambitions outgrew your humble origins"
      },
      {
        "Chance": 100,
        "Description": "Your wanderlust carried you far away"
      }
    ],
    "Starship History": [
      {
        "Chance": 8,
        "Description": "Acquired in trade for a precious family heirloom"
      },
      {
        "Chance": 17,
        "Description": "Built out of re-purposed scrap"
      },
      {
        "Chance": 25,
        "Description": "Claimed as spoils of war"
      },
      {
        "Chance": 34,
        "Description": "Discovered as a derelict, and patched back together"
      },
      {
        "Chance": 42,
        "Description": "Earned in exchange for a promise or vow"
      },
      {
        "Chance": 50,
        "Description": "Found abandoned in perfect condition"
      },
      {
        "Chance": 58,
        "Description": "Granted by an organization or community"
      },
      {
        "Chance": 67,
        "Description": "Inherited from a relative or mentor"
      },
      {
        "Chance": 75,
        "Description": "Purchased at a suspiciously cheap price"
      },
      {
        "Chance": 84,
        "Description": "Stolen from a notorious crime boss or criminal organization"
      },
      {
        "Chance": 92,
        "Description": "Taken while fleeing an attack or disaster"
      },
      {
        "Chance": 100,
        "Description": "Won in a bet"
      }
    ],
    "Starship Quirks": [
      {
        "Chance": 5,
        "Description": "Bridge is filled with buttons, toggles, and gauges, many of which don't seem to do anything"
      },
      {
        "Chance": 10,
        "Description": "Domed window on the bridge offers a dizzying view"
      },
      {
        "Chance": 15,
        "Description": "Engine room is scorched with old burn marks"
      },
      {
        "Chance": 20,
        "Description": "Exterior is marred by rust and grime"
      },
      {
        "Chance": 25,
        "Description": "Faint, phantom music sometimes echoes through the ship"
      },
      {
        "Chance": 30,
        "Description": "Gravity generator is notoriously fickle"
      },
      {
        "Chance": 35,
        "Description": "Hull rattles and groans at FTL speeds"
      },
      {
        "Chance": 40,
        "Description": "Interior spaces are crowded with exposed cables and conduits"
      },
      {
        "Chance": 45,
        "Description": "Large wings extend for atmospheric flight"
      },
      {
        "Chance": 50,
        "Description": "Looks defenseless, but exterior panels open to reveal weapons"
      },
      {
        "Chance": 55,
        "Description": "Navigation logs contain coordinates to locations that do not—or should not—exist"
      },
      {
        "Chance": 60,
        "Description": "Old bloodstain in the airlock reappears even when painted over"
      },
      {
        "Chance": 65,
        "Description": "Patched hull covers a recent catastrophic breach"
      },
      {
        "Chance": 70,
        "Description": "Placards and control labels are in an uncommon language"
      },
      {
        "Chance": 75,
        "Description": "Segmented landing gear unfold like spider legs"
      },
      {
        "Chance": 80,
        "Description": "Someone marked the hull with graffiti during a recent layover"
      },
      {
        "Chance": 85,
        "Description": "Someone scrawled strange symbols on the deck and bulkheads in the main corridor"
      },
      {
        "Chance": 90,
        "Description": "Things tend to go missing for no logical reason"
      },
      {
        "Chance": 95,
        "Description": "Thrusters rotate for takeoff and landing"
      },
      {
        "Chance": 100,
        "Description": "Timers and clocks are always just a bit off"
      }
    ],
    "Sector Trouble": [
      {
        "Chance": 5,
        "Description": "Blockade prevents trade with other sectors"
      },
      {
        "Chance": 10,
        "Description": "Bounty hunters search for an infamous fugitive"
      },
      {
        "Chance": 15,
        "Description": "Chaotic breaches in spacetime spread like wildfire"
      },
      {
        "Chance": 20,
        "Description": "Criminal faction corrupts local authorities"
      },
      {
        "Chance": 25,
        "Description": "Devastating superweapon has fallen into the wrong hands"
      },
      {
        "Chance": 30,
        "Description": "Energy storms are rampant"
      },
      {
        "Chance": 35,
        "Description": "Magnetic disturbances disrupt communication"
      },
      {
        "Chance": 40,
        "Description": "Newly found resource lures greedy fortune hunters to the sector"
      },
      {
        "Chance": 45,
        "Description": "Notorious pirate clan preys on starships"
      },
      {
        "Chance": 50,
        "Description": "Parasitic lifeforms spread like a plague"
      },
      {
        "Chance": 55,
        "Description": "Precursor sites throughout the sector emit strange signals"
      },
      {
        "Chance": 60,
        "Description": "Prophecies foretell an imminent awakening of a dreadful power"
      },
      {
        "Chance": 65,
        "Description": "Raider clan emerges as a dominant threat under a new leader"
      },
      {
        "Chance": 70,
        "Description": "Religious zealots overrun the sector"
      },
      {
        "Chance": 75,
        "Description": "Rogue AI infiltrates systems throughout the sector"
      },
      {
        "Chance": 80,
        "Description": "Settlements or factions are on the brink of war"
      },
      {
        "Chance": 85,
        "Description": "Ships regularly go missing"
      },
      {
        "Chance": 90,
        "Description": "Sickness spreads among ships and settlements"
      },
      {
        "Chance": 95,
        "Description": "Supernova is imminent"
      },
      {
        "Chance": 100,
        "Description": "Titanic spacebound lifeform stalks the spaceways"
      }
    ],
    "Inciting Incident": [
      {
        "Chance": 5,
        "Description": "Aid a starship caught in the pull of a star's gravity"
      },
      {
        "Chance": 10,
        "Description": "Broker peace between two feuding settlements"
      },
      {
        "Chance": 15,
        "Description": "Chart a new passage between isolated settlements"
      },
      {
        "Chance": 20,
        "Description": "Defend the people of a beleaguered settlement against raiders"
      },
      {
        "Chance": 25,
        "Description": "Discover who sabotaged a settlement's air processors"
      },
      {
        "Chance": 30,
        "Description": "Escort a tradeship carrying a prized cargo"
      },
      {
        "Chance": 35,
        "Description": "Ferry a rescue team to a perilous disaster site"
      },
      {
        "Chance": 40,
        "Description": "Infiltrate a fortified base to steal crucial data"
      },
      {
        "Chance": 45,
        "Description": "Investigate terrifying manifestations at a remote settlement"
      },
      {
        "Chance": 50,
        "Description": "Liberate prisoners at a cruel labor camp"
      },
      {
        "Chance": 55,
        "Description": "Locate a downed spacer on an uninhabited planet"
      },
      {
        "Chance": 60,
        "Description": "Protect a fugitive from a relentless bounty hunter"
      },
      {
        "Chance": 65,
        "Description": "Recover a cherished pre-exodus artifact from an enemy"
      },
      {
        "Chance": 70,
        "Description": "Rescue a starship crew held captive by mutineers"
      },
      {
        "Chance": 75,
        "Description": "Retrieve a cache of stolen weapons from a pirate ship"
      },
      {
        "Chance": 80,
        "Description": "Sabotage an enemy installation"
      },
      {
        "Chance": 85,
        "Description": "Search for a missing expedition in the depths of a precursor site"
      },
      {
        "Chance": 90,
        "Description": "Shield a wonderous lifeform from those who seek to destroy it"
      },
      {
        "Chance": 95,
        "Description": "Track and slay a marauding beast"
      },
      {
        "Chance": 100,
        "Description": "Transport a displaced people to their new home"
      }
    ]
  }
}
