{
  "Title": "Starforged Oracles - Character",
  "Source": {
    "Name": "Starforged Playtest Oracles",
    "Version": "091420"
  },
  "Oracles": {
    "First Look": [
      {
        "Chance": 3,
        "Description": "Adorned"
      },
      {
        "Chance": 7,
        "Description": "Aged"
      },
      {
        "Chance": 11,
        "Description": "Armed"
      },
      {
        "Chance": 14,
        "Description": "Armored"
      },
      {
        "Chance": 17,
        "Description": "Athletic"
      },
      {
        "Chance": 21,
        "Description": "Attractive"
      },
      {
        "Chance": 25,
        "Description": "Augmented"
      },
      {
        "Chance": 28,
        "Description": "Eccentric"
      },
      {
        "Chance": 32,
        "Description": "Flashy"
      },
      {
        "Chance": 35,
        "Description": "Graceful"
      },
      {
        "Chance": 38,
        "Description": "Haggard"
      },
      {
        "Chance": 42,
        "Description": "Ill-equipped"
      },
      {
        "Chance": 46,
        "Description": "Imposing"
      },
      {
        "Chance": 50,
        "Description": "Large"
      },
      {
        "Chance": 53,
        "Description": "Mutated"
      },
      {
        "Chance": 55,
        "Description": "Outfitted"
      },
      {
        "Chance": 58,
        "Description": "Plain"
      },
      {
        "Chance": 61,
        "Description": "Poised"
      },
      {
        "Chance": 64,
        "Description": "Scarred"
      },
      {
        "Chance": 68,
        "Description": "Shrouded"
      },
      {
        "Chance": 71,
        "Description": "Sickly"
      },
      {
        "Chance": 74,
        "Description": "Slight"
      },
      {
        "Chance": 77,
        "Description": "Swaggering"
      },
      {
        "Chance": 80,
        "Description": "Tattooed"
      },
      {
        "Chance": 84,
        "Description": "Unkempt"
      },
      {
        "Chance": 87,
        "Description": "Visibly disabled"
      },
      {
        "Chance": 91,
        "Description": "Weathered"
      },
      {
        "Chance": 94,
        "Description": "Wiry"
      },
      {
        "Chance": 97,
        "Description": "Wounded"
      },
      {
        "Chance": 100,
        "Description": "Youthful "
      }
    ],
    "Disposition": [
      {
        "Chance": 6,
        "Description": "Helpful"
      },
      {
        "Chance": 14,
        "Description": "Friendly"
      },
      {
        "Chance": 22,
        "Description": "Cooperative"
      },
      {
        "Chance": 30,
        "Description": "Curious"
      },
      {
        "Chance": 40,
        "Description": "Indifferent"
      },
      {
        "Chance": 50,
        "Description": "Suspicious"
      },
      {
        "Chance": 60,
        "Description": "Wanting"
      },
      {
        "Chance": 70,
        "Description": "Desperate"
      },
      {
        "Chance": 78,
        "Description": "Demanding"
      },
      {
        "Chance": 86,
        "Description": "Unfriendly"
      },
      {
        "Chance": 94,
        "Description": "Threatening"
      },
      {
        "Chance": 100,
        "Description": "Hostile"
      }
    ],
    "Character Role": [
      {
        "Chance": 2,
        "Description": "Agent"
      },
      {
        "Chance": 4,
        "Description": "AI"
      },
      {
        "Chance": 6,
        "Description": "Artisan"
      },
      {
        "Chance": 8,
        "Description": "Assassin"
      },
      {
        "Chance": 10,
        "Description": "Bounty Hunter"
      },
      {
        "Chance": 12,
        "Description": "Courier"
      },
      {
        "Chance": 14,
        "Description": "Crew"
      },
      {
        "Chance": 16,
        "Description": "Criminal"
      },
      {
        "Chance": 18,
        "Description": "Cultist"
      },
      {
        "Chance": 20,
        "Description": "Diplomat"
      },
      {
        "Chance": 22,
        "Description": "Engineer"
      },
      {
        "Chance": 24,
        "Description": "Entertainer"
      },
      {
        "Chance": 26,
        "Description": "Explorer"
      },
      {
        "Chance": 28,
        "Description": "Farmer"
      },
      {
        "Chance": 30,
        "Description": "Fugitive"
      },
      {
        "Chance": 32,
        "Description": "Guard"
      },
      {
        "Chance": 34,
        "Description": "Guide"
      },
      {
        "Chance": 36,
        "Description": "Healer"
      },
      {
        "Chance": 38,
        "Description": "Historian"
      },
      {
        "Chance": 40,
        "Description": "Hunter"
      },
      {
        "Chance": 42,
        "Description": "Investigator"
      },
      {
        "Chance": 44,
        "Description": "Laborer"
      },
      {
        "Chance": 46,
        "Description": "Lawkeeper"
      },
      {
        "Chance": 48,
        "Description": "Leader"
      },
      {
        "Chance": 50,
        "Description": "Mercenary"
      },
      {
        "Chance": 52,
        "Description": "Merchant"
      },
      {
        "Chance": 54,
        "Description": "Miner"
      },
      {
        "Chance": 56,
        "Description": "Mystic"
      },
      {
        "Chance": 58,
        "Description": "Navigator"
      },
      {
        "Chance": 60,
        "Description": "Outcast"
      },
      {
        "Chance": 62,
        "Description": "Pilgrim"
      },
      {
        "Chance": 64,
        "Description": "Pilot"
      },
      {
        "Chance": 66,
        "Description": "Pirate"
      },
      {
        "Chance": 68,
        "Description": "Preacher"
      },
      {
        "Chance": 70,
        "Description": "Prophet"
      },
      {
        "Chance": 72,
        "Description": "Raider"
      },
      {
        "Chance": 74,
        "Description": "Researcher"
      },
      {
        "Chance": 76,
        "Description": "Scavenger"
      },
      {
        "Chance": 78,
        "Description": "Scholar"
      },
      {
        "Chance": 80,
        "Description": "Scout"
      },
      {
        "Chance": 82,
        "Description": "Shipwright"
      },
      {
        "Chance": 84,
        "Description": "Smuggler"
      },
      {
        "Chance": 86,
        "Description": "Soldier"
      },
      {
        "Chance": 88,
        "Description": "Spacer"
      },
      {
        "Chance": 90,
        "Description": "Technician"
      },
      {
        "Chance": 92,
        "Description": "Thief"
      },
      {
        "Chance": 95,
        "Description": "[Action/Theme]"
      },
      {
        "Chance": 100,
        "Description": "[Roll twice]"
      }
    ],
    "Character Goal": [
      {
        "Chance": 2,
        "Description": "Avenge a wrong"
      },
      {
        "Chance": 4,
        "Description": "Build a home"
      },
      {
        "Chance": 7,
        "Description": "Build a relationship"
      },
      {
        "Chance": 10,
        "Description": "Claim a resource"
      },
      {
        "Chance": 12,
        "Description": "Collect a debt"
      },
      {
        "Chance": 14,
        "Description": "Craft an object"
      },
      {
        "Chance": 16,
        "Description": "Cure an ill"
      },
      {
        "Chance": 18,
        "Description": "Defeat a rival"
      },
      {
        "Chance": 20,
        "Description": "Defend a person"
      },
      {
        "Chance": 23,
        "Description": "Defend a place"
      },
      {
        "Chance": 25,
        "Description": "Discover a truth"
      },
      {
        "Chance": 27,
        "Description": "End a conflict"
      },
      {
        "Chance": 29,
        "Description": "Escape a captor"
      },
      {
        "Chance": 31,
        "Description": "Fight injustice"
      },
      {
        "Chance": 33,
        "Description": "Find a person"
      },
      {
        "Chance": 35,
        "Description": "Forge an alliance"
      },
      {
        "Chance": 37,
        "Description": "Gain knowledge"
      },
      {
        "Chance": 39,
        "Description": "Gain riches"
      },
      {
        "Chance": 41,
        "Description": "Maintain order"
      },
      {
        "Chance": 43,
        "Description": "Make an agreement"
      },
      {
        "Chance": 45,
        "Description": "Obtain an object"
      },
      {
        "Chance": 47,
        "Description": "Pay a debt"
      },
      {
        "Chance": 49,
        "Description": "Protect a lifeform"
      },
      {
        "Chance": 51,
        "Description": "Protect a secret"
      },
      {
        "Chance": 53,
        "Description": "Prove worthiness"
      },
      {
        "Chance": 55,
        "Description": "Rebel against power"
      },
      {
        "Chance": 57,
        "Description": "Refute a falsehood"
      },
      {
        "Chance": 59,
        "Description": "Repair a technology"
      },
      {
        "Chance": 61,
        "Description": "Resolve a dispute"
      },
      {
        "Chance": 63,
        "Description": "Restore a relationship"
      },
      {
        "Chance": 65,
        "Description": "Sabotage a technology"
      },
      {
        "Chance": 68,
        "Description": "Secure a resource"
      },
      {
        "Chance": 70,
        "Description": "Seek redemption"
      },
      {
        "Chance": 72,
        "Description": "Seize power"
      },
      {
        "Chance": 74,
        "Description": "Solve a mystery"
      },
      {
        "Chance": 76,
        "Description": "Spread faith"
      },
      {
        "Chance": 78,
        "Description": "Travel to a place"
      },
      {
        "Chance": 80,
        "Description": "Undermine a relationship"
      },
      {
        "Chance": 90,
        "Description": "[Action/Theme]"
      },
      {
        "Chance": 100,
        "Description": "[Roll twice]"
      }
    ],
    "Character Aspects": [
      {
        "Chance": 1,
        "Description": "Addicted"
      },
      {
        "Chance": 2,
        "Description": "Adventurous"
      },
      {
        "Chance": 3,
        "Description": "Afflicted"
      },
      {
        "Chance": 4,
        "Description": "Aggressive"
      },
      {
        "Chance": 5,
        "Description": "Ambitious"
      },
      {
        "Chance": 6,
        "Description": "Angry"
      },
      {
        "Chance": 7,
        "Description": "Anxious"
      },
      {
        "Chance": 8,
        "Description": "Apathetic"
      },
      {
        "Chance": 9,
        "Description": "Bitter"
      },
      {
        "Chance": 10,
        "Description": "Boastful"
      },
      {
        "Chance": 11,
        "Description": "Boisterous"
      },
      {
        "Chance": 12,
        "Description": "Bold"
      },
      {
        "Chance": 13,
        "Description": "Brave"
      },
      {
        "Chance": 14,
        "Description": "Careless"
      },
      {
        "Chance": 15,
        "Description": "Cautious"
      },
      {
        "Chance": 16,
        "Description": "Charismatic"
      },
      {
        "Chance": 17,
        "Description": "Clever"
      },
      {
        "Chance": 18,
        "Description": "Conceited"
      },
      {
        "Chance": 19,
        "Description": "Confident"
      },
      {
        "Chance": 20,
        "Description": "Confused"
      },
      {
        "Chance": 21,
        "Description": "Connected"
      },
      {
        "Chance": 22,
        "Description": "Corrupted"
      },
      {
        "Chance": 23,
        "Description": "Cowardly"
      },
      {
        "Chance": 24,
        "Description": "Creative"
      },
      {
        "Chance": 25,
        "Description": "Critical"
      },
      {
        "Chance": 26,
        "Description": "Cruel"
      },
      {
        "Chance": 27,
        "Description": "Cunning"
      },
      {
        "Chance": 28,
        "Description": "Dangerous"
      },
      {
        "Chance": 29,
        "Description": "Deceitful"
      },
      {
        "Chance": 30,
        "Description": "Defiant"
      },
      {
        "Chance": 31,
        "Description": "Determined"
      },
      {
        "Chance": 32,
        "Description": "Disabled"
      },
      {
        "Chance": 33,
        "Description": "Doomed"
      },
      {
        "Chance": 34,
        "Description": "Driven"
      },
      {
        "Chance": 35,
        "Description": "Dying"
      },
      {
        "Chance": 36,
        "Description": "Envious"
      },
      {
        "Chance": 37,
        "Description": "Experienced"
      },
      {
        "Chance": 38,
        "Description": "Faithful"
      },
      {
        "Chance": 39,
        "Description": "Generous"
      },
      {
        "Chance": 40,
        "Description": "Gifted"
      },
      {
        "Chance": 41,
        "Description": "Greedy"
      },
      {
        "Chance": 42,
        "Description": "Grief-stricken"
      },
      {
        "Chance": 43,
        "Description": "Handy"
      },
      {
        "Chance": 44,
        "Description": "Hardhearted"
      },
      {
        "Chance": 45,
        "Description": "Haunted"
      },
      {
        "Chance": 46,
        "Description": "Honorable"
      },
      {
        "Chance": 47,
        "Description": "Hot-tempered"
      },
      {
        "Chance": 48,
        "Description": "Impulsive"
      },
      {
        "Chance": 49,
        "Description": "Incompetent"
      },
      {
        "Chance": 50,
        "Description": "Independent"
      },
      {
        "Chance": 51,
        "Description": "Infamous"
      },
      {
        "Chance": 52,
        "Description": "Influential"
      },
      {
        "Chance": 53,
        "Description": "Insensitive"
      },
      {
        "Chance": 54,
        "Description": "Insightful"
      },
      {
        "Chance": 55,
        "Description": "Intelligent"
      },
      {
        "Chance": 56,
        "Description": "Intolerant"
      },
      {
        "Chance": 57,
        "Description": "Ironsworn"
      },
      {
        "Chance": 58,
        "Description": "Kind"
      },
      {
        "Chance": 59,
        "Description": "Law-abiding"
      },
      {
        "Chance": 60,
        "Description": "Lonely"
      },
      {
        "Chance": 61,
        "Description": "Loving"
      },
      {
        "Chance": 62,
        "Description": "Loyal"
      },
      {
        "Chance": 63,
        "Description": "Manipulative"
      },
      {
        "Chance": 64,
        "Description": "Oblivious"
      },
      {
        "Chance": 65,
        "Description": "Obsessed"
      },
      {
        "Chance": 66,
        "Description": "Oppressed"
      },
      {
        "Chance": 67,
        "Description": "Passive"
      },
      {
        "Chance": 68,
        "Description": "Powerful"
      },
      {
        "Chance": 69,
        "Description": "Proud"
      },
      {
        "Chance": 70,
        "Description": "Quiet"
      },
      {
        "Chance": 71,
        "Description": "Quirky"
      },
      {
        "Chance": 72,
        "Description": "Rebellious"
      },
      {
        "Chance": 73,
        "Description": "Reclusive"
      },
      {
        "Chance": 74,
        "Description": "Relaxed"
      },
      {
        "Chance": 75,
        "Description": "Remorseful"
      },
      {
        "Chance": 76,
        "Description": "Resourceful"
      },
      {
        "Chance": 77,
        "Description": "Secretive"
      },
      {
        "Chance": 78,
        "Description": "Selfish"
      },
      {
        "Chance": 79,
        "Description": "Sociable"
      },
      {
        "Chance": 80,
        "Description": "Stealthy"
      },
      {
        "Chance": 81,
        "Description": "Stern"
      },
      {
        "Chance": 82,
        "Description": "Stingy"
      },
      {
        "Chance": 83,
        "Description": "Stoic"
      },
      {
        "Chance": 84,
        "Description": "Strong"
      },
      {
        "Chance": 85,
        "Description": "Stubborn"
      },
      {
        "Chance": 86,
        "Description": "Successful"
      },
      {
        "Chance": 87,
        "Description": "Suspicious"
      },
      {
        "Chance": 88,
        "Description": "Talented"
      },
      {
        "Chance": 89,
        "Description": "Technical"
      },
      {
        "Chance": 90,
        "Description": "Timid"
      },
      {
        "Chance": 91,
        "Description": "Tolerant"
      },
      {
        "Chance": 92,
        "Description": "Tough"
      },
      {
        "Chance": 93,
        "Description": "Vengeful"
      },
      {
        "Chance": 94,
        "Description": "Violent"
      },
      {
        "Chance": 95,
        "Description": "Wary"
      },
      {
        "Chance": 96,
        "Description": "Watchful"
      },
      {
        "Chance": 97,
        "Description": "Weak"
      },
      {
        "Chance": 98,
        "Description": "Weary"
      },
      {
        "Chance": 99,
        "Description": "Wild"
      },
      {
        "Chance": 100,
        "Description": "Wise"
      }
    ],
    "Character Name": {
      "Given Name": ["not yet available"],
      "Family Name": ["not yet available"],
      "Iron Name": ["not yet available"]
    }
  }
}
