{
  "Title": "Starforged Oracles - Planet",
  "Source": {
    "Name": "Starforged Playtest Oracles",
    "Version": "091420"
  },
  "Oracles": {
    "Desert World": {
      "Chance": 15,
      "Description": "A pitiless planet of searing heat, blowing sand, and sunbaked rock.",
      "Thumbnail": "https://i.imgur.com/YLNEHp9.png",
      "Atmospheres": [
        {
          "Chance": 10,
          "Description": "None / thin"
        },
        {
          "Chance": 25,
          "Description": "Toxic"
        },
        {
          "Chance": 40,
          "Description": "Corrosive"
        },
        {
          "Chance": 70,
          "Description": "Marginal"
        },
        {
          "Chance": 95,
          "Description": "Breathable"
        },
        {
          "Chance": 100,
          "Description": "Ideal"
        }
      ],
      "Settlements": {
        "Terminus": [
          {
            "Chance": 50,
            "Description": "None"
          },
          {
            "Chance": 60,
            "Description": "Orbital settlement"
          },
          {
            "Chance": 80,
            "Description": "Planetside settlement"
          },
          {
            "Chance": 92,
            "Description": "Multiple settlements"
          },
          {
            "Chance": 100,
            "Description": "Settlements in conflict"
          }
        ],
        "Outlands": [
          {
            "Chance": 75,
            "Description": "None"
          },
          {
            "Chance": 83,
            "Description": "Orbital settlement"
          },
          {
            "Chance": 95,
            "Description": "Planetside settlement"
          },
          {
            "Chance": 98,
            "Description": "Multiple settlements"
          },
          {
            "Chance": 100,
            "Description": "Settlements in conflict"
          }
        ],
        "Expanse": [
          {
            "Chance": 90,
            "Description": "None"
          },
          {
            "Chance": 96,
            "Description": "Orbital settlement"
          },
          {
            "Chance": 100,
            "Description": "Planetside settlement"
          }
        ]
      },
      "Observed From Space": [
        {
          "Chance": 11,
          "Description": "Dry seabeds"
        },
        {
          "Chance": 22,
          "Description": "Expansive dune seas"
        },
        {
          "Chance": 33,
          "Description": "Massive canyons"
        },
        {
          "Chance": 44,
          "Description": "Perpetual daylight"
        },
        {
          "Chance": 55,
          "Description": "Rugged mountains"
        },
        {
          "Chance": 66,
          "Description": "Sprawling salt flats"
        },
        {
          "Chance": 77,
          "Description": "Vast plateaus"
        },
        {
          "Chance": 88,
          "Description": "Vibrant terrain colors"
        },
        {
          "Chance": 92,
          "Description": "Precursor orbital site"
        },
        {
          "Chance": 100,
          "Description": "[Descriptor/Focus]"
        }
      ],
      "Life": [
        {
          "Chance": 25,
          "Description": "None"
        },
        {
          "Chance": 45,
          "Description": "Extinct"
        },
        {
          "Chance": 60,
          "Description": "Simple"
        },
        {
          "Chance": 80,
          "Description": "Sparse"
        },
        {
          "Chance": 90,
          "Description": "Diverse"
        },
        {
          "Chance": 97,
          "Description": "Bountiful"
        },
        {
          "Chance": 100,
          "Description": "Overrun"
        }
      ],
      "Closer Look": [
        {
          "Chance": 7,
          "Description": "Bones of titanic creatures"
        },
        {
          "Chance": 14,
          "Description": "Engulfing sandstorms"
        },
        {
          "Chance": 21,
          "Description": "Fleeting rainstorms and flash floods"
        },
        {
          "Chance": 28,
          "Description": "Petrified forest"
        },
        {
          "Chance": 35,
          "Description": "Rampaging whirlwinds"
        },
        {
          "Chance": 42,
          "Description": "Scorched glass plains"
        },
        {
          "Chance": 49,
          "Description": "Severe temperature fluctuations"
        },
        {
          "Chance": 56,
          "Description": "Sprawling caves"
        },
        {
          "Chance": 63,
          "Description": "Subterranean lakes"
        },
        {
          "Chance": 70,
          "Description": "Towering rock formations"
        },
        {
          "Chance": 77,
          "Description": "Violent electrical storms"
        },
        {
          "Chance": 84,
          "Description": "Windborne metallic sand"
        },
        {
          "Chance": 89,
          "Description": "Sunbaked precursor sites"
        },
        {
          "Chance": 100,
          "Description": "[Descriptor/Focus]"
        }
      ],
      "Names": [
        "Abalos",
        "Audun",
        "Bishop",
        "Datura",
        "Desolation",
        "Dykuma",
        "Dyssodia",
        "Hesperia",
        "Mirage",
        "Ordos",
        "Pyla",
        "Sabulo",
        "Sirocco",
        "Solitude",
        "Sonnegeist"
      ]
    },
    "Furnace World": {
      "Chance": 30,
      "Description": "A planet with relentless volcanic activity, wreathed in fire and ash.",
      "Thumbnail": "https://i.imgur.com/YS5rlDR.png",
      "Atmospheres": [
        {
          "Chance": 10,
          "Description": "None / thin"
        },
        {
          "Chance": 50,
          "Description": "Toxic"
        },
        {
          "Chance": 65,
          "Description": "Corrosive"
        },
        {
          "Chance": 90,
          "Description": "Marginal"
        },
        {
          "Chance": 100,
          "Description": "Breathable"
        }
      ],
      "Settlements": {
        "Terminus": [
          {
            "Chance": 60,
            "Description": "None"
          },
          {
            "Chance": 75,
            "Description": "Orbital settlement"
          },
          {
            "Chance": 87,
            "Description": "Planetside settlement"
          },
          {
            "Chance": 96,
            "Description": "Multiple settlements"
          },
          {
            "Chance": 100,
            "Description": "Settlements in conflict"
          }
        ],
        "Outlands": [
          {
            "Chance": 85,
            "Description": "None"
          },
          {
            "Chance": 92,
            "Description": "Orbital settlement"
          },
          {
            "Chance": 97,
            "Description": "Planetside settlement"
          },
          {
            "Chance": 99,
            "Description": "Multiple settlements"
          },
          {
            "Chance": 100,
            "Description": "Settlements in conflict"
          }
        ],
        "Expanse": [
          {
            "Chance": 95,
            "Description": "None"
          },
          {
            "Chance": 98,
            "Description": "Orbital settlement"
          },
          {
            "Chance": 100,
            "Description": "Planetside settlement"
          }
        ]
      },
      "Observed From Space": [
        {
          "Chance": 11,
          "Description": "Ash-choked atmosphere"
        },
        {
          "Chance": 22,
          "Description": "Fiery chasms"
        },
        {
          "Chance": 33,
          "Description": "Glowing rivers of lava"
        },
        {
          "Chance": 44,
          "Description": "Magma seas"
        },
        {
          "Chance": 55,
          "Description": "Massive supervolcano"
        },
        {
          "Chance": 66,
          "Description": "Once verdant terrain"
        },
        {
          "Chance": 77,
          "Description": "Towering mountain ranges"
        },
        {
          "Chance": 88,
          "Description": "World-spanning fissures"
        },
        {
          "Chance": 92,
          "Description": "Precursor orbital site"
        },
        {
          "Chance": 100,
          "Description": "[Descriptor/Focus]"
        }
      ],
      "Life": [
        {
          "Chance": 30,
          "Description": "None"
        },
        {
          "Chance": 50,
          "Description": "Extinct"
        },
        {
          "Chance": 70,
          "Description": "Simple"
        },
        {
          "Chance": 85,
          "Description": "Sparse"
        },
        {
          "Chance": 95,
          "Description": "Diverse"
        },
        {
          "Chance": 98,
          "Description": "Bountiful"
        },
        {
          "Chance": 100,
          "Description": "Overrun"
        }
      ],
      "Closer Look": [
        {
          "Chance": 7,
          "Description": "Blinding ash clouds"
        },
        {
          "Chance": 14,
          "Description": "Catastrophic earthquakes"
        },
        {
          "Chance": 21,
          "Description": "Colorful geothermal springs"
        },
        {
          "Chance": 28,
          "Description": "Intricate volcanic rock formations"
        },
        {
          "Chance": 35,
          "Description": "Lava tube tunnel networks"
        },
        {
          "Chance": 42,
          "Description": "Masses of scorched bones"
        },
        {
          "Chance": 49,
          "Description": "Plains of volcanic glass"
        },
        {
          "Chance": 56,
          "Description": "Pools of liquid metal"
        },
        {
          "Chance": 63,
          "Description": "Rocky islands adrift on magma"
        },
        {
          "Chance": 70,
          "Description": "Roiling clouds of superheated gas"
        },
        {
          "Chance": 77,
          "Description": "Silica / metal storms"
        },
        {
          "Chance": 84,
          "Description": "Steaming mudflats"
        },
        {
          "Chance": 89,
          "Description": "Charred precursor sites"
        },
        {
          "Chance": 100,
          "Description": "[Descriptor/Focus]"
        }
      ],
      "Names": ["Azula", "Cinder", "Cyrus", "Draco", "Ember", "Flint", "Hades", "Hera", "Horus", "Ignis", "Ishum", "Kresnik", "Nemesis", "Pyre", "Scorch", "Vesta", "Wrath"]
    },
    "Grave World": {
      "Chance": 35,
      "Description": "A once-thriving world—now a grim monument to a fallen civilization.",
      "Thumbnail": "https://i.imgur.com/88R1WP1.png",
      "Atmospheres": [
        {
          "Chance": 10,
          "Description": "None / thin"
        },
        {
          "Chance": 45,
          "Description": "Toxic"
        },
        {
          "Chance": 70,
          "Description": "Corrosive"
        },
        {
          "Chance": 90,
          "Description": "Marginal"
        },
        {
          "Chance": 100,
          "Description": "Breathable"
        }
      ],
      "Settlements": {
        "Terminus": [
          {
            "Chance": 80,
            "Description": "None"
          },
          {
            "Chance": 90,
            "Description": "Orbital settlement"
          },
          {
            "Chance": 95,
            "Description": "Planetside settlement"
          },
          {
            "Chance": 98,
            "Description": "Multiple settlements"
          },
          {
            "Chance": 100,
            "Description": "Settlements in conflict"
          }
        ],
        "Outlands": [
          {
            "Chance": 90,
            "Description": "None"
          },
          {
            "Chance": 97,
            "Description": "Orbital settlement"
          },
          {
            "Chance": 100,
            "Description": "Planetside settlement"
          }
        ],
        "Expanse": [
          {
            "Chance": 95,
            "Description": "None"
          },
          {
            "Chance": 98,
            "Description": "Orbital settlement"
          },
          {
            "Chance": 100,
            "Description": "Planetside settlement"
          }
        ]
      },
      "Observed From Space": [
        {
          "Chance": 11,
          "Description": "Broken moon"
        },
        {
          "Chance": 22,
          "Description": "Cratered surface"
        },
        {
          "Chance": 33,
          "Description": "Dry seabeds"
        },
        {
          "Chance": 44,
          "Description": "Irradiated atmosphere"
        },
        {
          "Chance": 55,
          "Description": "Orbiting ship graveyard"
        },
        {
          "Chance": 66,
          "Description": "Permanent overcast"
        },
        {
          "Chance": 77,
          "Description": "Sky-breaching ruins"
        },
        {
          "Chance": 88,
          "Description": "Vast wastelands"
        },
        {
          "Chance": 92,
          "Description": "Precursor orbital site"
        },
        {
          "Chance": 100,
          "Description": "[Descriptor/Focus]"
        }
      ],
      "Life": [
        {
          "Chance": 25,
          "Description": "None"
        },
        {
          "Chance": 85,
          "Description": "Extinct"
        },
        {
          "Chance": 95,
          "Description": "Simple"
        },
        {
          "Chance": 100,
          "Description": "Sparse"
        }
      ],
      "Closer Look": [
        {
          "Chance": 7,
          "Description": "Ash dunes"
        },
        {
          "Chance": 14,
          "Description": "Corrosive acid rains"
        },
        {
          "Chance": 21,
          "Description": "Dead forests"
        },
        {
          "Chance": 28,
          "Description": "Fetid mudflats"
        },
        {
          "Chance": 35,
          "Description": "Mass graves"
        },
        {
          "Chance": 42,
          "Description": "Moldering bones"
        },
        {
          "Chance": 49,
          "Description": "Noxious fog"
        },
        {
          "Chance": 56,
          "Description": "Radioactive hotspots"
        },
        {
          "Chance": 63,
          "Description": "Ravaged cities"
        },
        {
          "Chance": 70,
          "Description": "Scarred battlefields"
        },
        {
          "Chance": 77,
          "Description": "Ship graveyards"
        },
        {
          "Chance": 84,
          "Description": "Whispers of the dead"
        },
        {
          "Chance": 89,
          "Description": "Subterranean precursor sites"
        },
        {
          "Chance": 100,
          "Description": "[Descriptor/Focus]"
        }
      ],
      "Names": ["Anubis", "Barrow", "Cairn", "Cerberus", "Charon", "Corvus", "Erra", "Mantus", "Morrigan", "Mourn", "Necropolis", "Orcus", "Osiris", "Sepulcher", "Styx", "Veris"]
    },
    "Ice World": {
      "Chance": 50,
      "Description": "A rugged, frozen world—locked in an unending winter.",
      "Thumbnail": "https://i.imgur.com/r6DIkqJ.png",
      "Atmospheres": [
        {
          "Chance": 15,
          "Description": "None / thin"
        },
        {
          "Chance": 35,
          "Description": "Toxic"
        },
        {
          "Chance": 40,
          "Description": "Corrosive"
        },
        {
          "Chance": 70,
          "Description": "Marginal"
        },
        {
          "Chance": 95,
          "Description": "Breathable"
        },
        {
          "Chance": 100,
          "Description": "Ideal"
        }
      ],
      "Settlements": {
        "Terminus": [
          {
            "Chance": 50,
            "Description": "None"
          },
          {
            "Chance": 60,
            "Description": "Orbital settlement"
          },
          {
            "Chance": 85,
            "Description": "Planetside settlement"
          },
          {
            "Chance": 92,
            "Description": "Multiple settlements"
          },
          {
            "Chance": 100,
            "Description": "Settlements in conflict"
          }
        ],
        "Outlands": [
          {
            "Chance": 75,
            "Description": "None"
          },
          {
            "Chance": 83,
            "Description": "Orbital settlement"
          },
          {
            "Chance": 95,
            "Description": "Planetside settlement"
          },
          {
            "Chance": 98,
            "Description": "Multiple settlements"
          },
          {
            "Chance": 100,
            "Description": "Settlements in conflict"
          }
        ],
        "Expanse": [
          {
            "Chance": 90,
            "Description": "None"
          },
          {
            "Chance": 96,
            "Description": "Orbital settlement"
          },
          {
            "Chance": 100,
            "Description": "Planetside settlement"
          }
        ]
      },
      "Observed From Space": [
        {
          "Chance": 11,
          "Description": "Feeble sunlight"
        },
        {
          "Chance": 22,
          "Description": "Frozen oceans"
        },
        {
          "Chance": 33,
          "Description": "Rocky glacial islands"
        },
        {
          "Chance": 44,
          "Description": "Snowbound mountains"
        },
        {
          "Chance": 55,
          "Description": "Sky-breaching geysers"
        },
        {
          "Chance": 66,
          "Description": "Supersized ice volcano"
        },
        {
          "Chance": 77,
          "Description": "Vibrantly colored ice"
        },
        {
          "Chance": 88,
          "Description": "World-spanning ice canyon"
        },
        {
          "Chance": 92,
          "Description": "Precursor orbital site"
        },
        {
          "Chance": 100,
          "Description": "[Descriptor/Focus]"
        }
      ],
      "Life": [
        {
          "Chance": 25,
          "Description": "None"
        },
        {
          "Chance": 45,
          "Description": "Extinct"
        },
        {
          "Chance": 60,
          "Description": "Simple"
        },
        {
          "Chance": 75,
          "Description": "Sparse"
        },
        {
          "Chance": 90,
          "Description": "Diverse"
        },
        {
          "Chance": 97,
          "Description": "Bountiful"
        },
        {
          "Chance": 100,
          "Description": "Overrun"
        }
      ],
      "Closer Look": [
        {
          "Chance": 7,
          "Description": "Abyssal ice fissures"
        },
        {
          "Chance": 14,
          "Description": "Shattered plains of pack ice"
        },
        {
          "Chance": 21,
          "Description": "Blinding snow storms"
        },
        {
          "Chance": 28,
          "Description": "Colossal ice caves"
        },
        {
          "Chance": 35,
          "Description": "Frozen leviathan bones"
        },
        {
          "Chance": 42,
          "Description": "Glistening ice spires"
        },
        {
          "Chance": 49,
          "Description": "Massive snow drifts"
        },
        {
          "Chance": 56,
          "Description": "Rocky islands amid icy wastes"
        },
        {
          "Chance": 63,
          "Description": "Steaming hot springs"
        },
        {
          "Chance": 70,
          "Description": "Subsurface liquid oceans"
        },
        {
          "Chance": 77,
          "Description": "Vibrant auroras"
        },
        {
          "Chance": 84,
          "Description": "Wind-carved ice formations"
        },
        {
          "Chance": 89,
          "Description": "Icebound precursor sites"
        },
        {
          "Chance": 100,
          "Description": "[Descriptor/Focus]"
        }
      ],
      "Names": ["Beira", "Boreas", "Caradhras", "Cicero", "Demetria", "Frost", "Jotunn", "Kanna", "Karn", "Niflheim", "Moroz", "Nix", "Olwen", "Osolok", "Taiga", "Varnholme", "Wintertide"]
    },
    "Jovian World": {
      "Chance": 65,
      "Description": "A massive planet with vast layers of dense gasses surrounding a small rocky core.",
      "Thumbnail": "https://i.imgur.com/87qSx43.png",
      "Atmospheres": [
        {
          "Chance": 50,
          "Description": "Toxic"
        },
        {
          "Chance": 65,
          "Description": "Corrosive"
        },
        {
          "Chance": 85,
          "Description": "Marginal"
        },
        {
          "Chance": 100,
          "Description": "Breathable"
        }
      ],
      "Settlements": {
        "Terminus": [
          {
            "Chance": 50,
            "Description": "None"
          },
          {
            "Chance": 70,
            "Description": "Orbital settlement"
          },
          {
            "Chance": 85,
            "Description": "Planetside settlement"
          },
          {
            "Chance": 95,
            "Description": "Multiple settlements"
          },
          {
            "Chance": 100,
            "Description": "Settlements in conflict"
          }
        ],
        "Outlands": [
          {
            "Chance": 75,
            "Description": "None"
          },
          {
            "Chance": 87,
            "Description": "Orbital settlement"
          },
          {
            "Chance": 95,
            "Description": "Planetside settlement"
          },
          {
            "Chance": 98,
            "Description": "Multiple settlements"
          },
          {
            "Chance": 100,
            "Description": "Settlements in conflict"
          }
        ],
        "Expanse": [
          {
            "Chance": 90,
            "Description": "None"
          },
          {
            "Chance": 96,
            "Description": "Orbital settlement"
          },
          {
            "Chance": 100,
            "Description": "Planetside settlement"
          }
        ]
      },
      "Observed From Space": [
        {
          "Chance": 11,
          "Description": "Complex ring system"
        },
        {
          "Chance": 22,
          "Description": "Intense gravity well"
        },
        {
          "Chance": 33,
          "Description": "Numerous moons"
        },
        {
          "Chance": 44,
          "Description": "Perpetual superstorm"
        },
        {
          "Chance": 55,
          "Description": "Powerful magnetic field"
        },
        {
          "Chance": 66,
          "Description": "Severe electrical storms"
        },
        {
          "Chance": 77,
          "Description": "Superheated atmosphere"
        },
        {
          "Chance": 88,
          "Description": "Unusual atmospheric colors"
        },
        {
          "Chance": 92,
          "Description": "Precursor orbital site"
        },
        {
          "Chance": 100,
          "Description": "[Descriptor/Focus]"
        }
      ],
      "Life": [
        {
          "Chance": 50,
          "Description": "None"
        },
        {
          "Chance": 55,
          "Description": "Extinct"
        },
        {
          "Chance": 70,
          "Description": "Simple"
        },
        {
          "Chance": 82,
          "Description": "Sparse"
        },
        {
          "Chance": 92,
          "Description": "Diverse"
        },
        {
          "Chance": 97,
          "Description": "Bountiful"
        },
        {
          "Chance": 100,
          "Description": "Overrun"
        }
      ],
      "Closer Look": [
        {
          "Chance": 7,
          "Description": "Clouds of metal / crystal particles"
        },
        {
          "Chance": 14,
          "Description": "Floating glaciers"
        },
        {
          "Chance": 21,
          "Description": "Floating islands"
        },
        {
          "Chance": 28,
          "Description": "Layer of suspended liquid"
        },
        {
          "Chance": 35,
          "Description": "Pockets of explosive gases"
        },
        {
          "Chance": 42,
          "Description": "Powerful vortexes"
        },
        {
          "Chance": 49,
          "Description": "Radiation fields"
        },
        {
          "Chance": 56,
          "Description": "Stormswept rocky debris"
        },
        {
          "Chance": 63,
          "Description": "Torrential rain"
        },
        {
          "Chance": 70,
          "Description": "Towering thunderheads"
        },
        {
          "Chance": 77,
          "Description": "Violent turbulence"
        },
        {
          "Chance": 84,
          "Description": "Zones of localized atmosphere"
        },
        {
          "Chance": 89,
          "Description": "Airborne precursor sites"
        },
        {
          "Chance": 100,
          "Description": "[Descriptor/Focus]"
        }
      ],
      "Names": ["Arrokoth", "Aether", "Bayu", "Esen", "Hanish", "Magnus", "Magonia", "Mistral", "Nephele", "Nuada", "Nubium", "Stratus", "Taranis", "Tempest", "Tyr", "Velum", "Veil", "Zephyr"]
    },
    "Jungle World": {
      "Chance": 70,
      "Description": "A humid, rain-soaked planet which keeps its secrets under a thick canopy of vegetation.",
      "Thumbnail": "https://i.imgur.com/jr90Bnh.png",
      "Atmospheres": [
        {
          "Chance": 25,
          "Description": "Toxic"
        },
        {
          "Chance": 30,
          "Description": "Corrosive"
        },
        {
          "Chance": 60,
          "Description": "Marginal"
        },
        {
          "Chance": 90,
          "Description": "Breathable"
        },
        {
          "Chance": 100,
          "Description": "Ideal"
        }
      ],
      "Settlements": {
        "Terminus": [
          {
            "Chance": 40,
            "Description": "None"
          },
          {
            "Chance": 55,
            "Description": "Orbital settlement"
          },
          {
            "Chance": 80,
            "Description": "Planetside settlement"
          },
          {
            "Chance": 92,
            "Description": "Multiple settlements"
          },
          {
            "Chance": 100,
            "Description": "Settlements in conflict"
          }
        ],
        "Outlands": [
          {
            "Chance": 65,
            "Description": "None"
          },
          {
            "Chance": 75,
            "Description": "Orbital settlement"
          },
          {
            "Chance": 92,
            "Description": "Planetside settlement"
          },
          {
            "Chance": 97,
            "Description": "Multiple settlements"
          },
          {
            "Chance": 100,
            "Description": "Settlements in conflict"
          }
        ],
        "Expanse": [
          {
            "Chance": 85,
            "Description": "None"
          },
          {
            "Chance": 90,
            "Description": "Orbital settlement"
          },
          {
            "Chance": 97,
            "Description": "Planetside settlement"
          },
          {
            "Chance": 99,
            "Description": "Multiple settlements"
          },
          {
            "Chance": 100,
            "Description": "Settlements in conflict"
          }
        ]
      },
      "Observed From Space": [
        {
          "Chance": 11,
          "Description": "Cloud-breaching trees"
        },
        {
          "Chance": 22,
          "Description": "Expansive rivers / wetlands"
        },
        {
          "Chance": 33,
          "Description": "Inland seas"
        },
        {
          "Chance": 44,
          "Description": "Massive canyons"
        },
        {
          "Chance": 55,
          "Description": "Persistent cloud cover"
        },
        {
          "Chance": 66,
          "Description": "Towering mountains"
        },
        {
          "Chance": 77,
          "Description": "Unbroken canopy"
        },
        {
          "Chance": 88,
          "Description": "Unusual vegetation color"
        },
        {
          "Chance": 92,
          "Description": "Precursor orbital site"
        },
        {
          "Chance": 100,
          "Description": "[Descriptor/Focus]"
        }
      ],
      "Life": [
        {
          "Chance": 5,
          "Description": "Simple"
        },
        {
          "Chance": 20,
          "Description": "Sparse"
        },
        {
          "Chance": 45,
          "Description": "Diverse"
        },
        {
          "Chance": 80,
          "Description": "Bountiful"
        },
        {
          "Chance": 100,
          "Description": "Overrun"
        }
      ],
      "Closer Look": [
        {
          "Chance": 7,
          "Description": "Bioluminescent flora"
        },
        {
          "Chance": 14,
          "Description": "Deep river gorges"
        },
        {
          "Chance": 21,
          "Description": "Extensive exposed root systems"
        },
        {
          "Chance": 28,
          "Description": "Sinking quagmires"
        },
        {
          "Chance": 35,
          "Description": "Immense tiered waterfalls"
        },
        {
          "Chance": 42,
          "Description": "Languid rivers"
        },
        {
          "Chance": 49,
          "Description": "Low-lying fog"
        },
        {
          "Chance": 56,
          "Description": "Plunging sinkholes"
        },
        {
          "Chance": 63,
          "Description": "Surging rivers"
        },
        {
          "Chance": 70,
          "Description": "Torrential rainstorms"
        },
        {
          "Chance": 77,
          "Description": "Violent electrical storms"
        },
        {
          "Chance": 84,
          "Description": "Waterlogged caves"
        },
        {
          "Chance": 89,
          "Description": "Overgrown precursor sites"
        },
        {
          "Chance": 100,
          "Description": "[Descriptor/Focus]"
        }
      ],
      "Names": ["Aster", "Beryl", "Celadon", "Ceres", "Damu", "Dryad", "Flora", "Imbrium", "Iridum", "Iris", "Kishar", "Penumbra", "Roris", "Sylva", "Verdure", "Veris", "Viridian"]
    },
    "Ocean World": {
      "Chance": 75,
      "Description": "A planet completely or mostly covered by a boundless ocean.",
      "Thumbnail": "https://i.imgur.com/BUCW1rB.png",
      "Atmospheres": [
        {
          "Chance": 5,
          "Description": "None / thin"
        },
        {
          "Chance": 20,
          "Description": "Toxic"
        },
        {
          "Chance": 25,
          "Description": "Corrosive"
        },
        {
          "Chance": 60,
          "Description": "Marginal"
        },
        {
          "Chance": 90,
          "Description": "Breathable"
        },
        {
          "Chance": 100,
          "Description": "Ideal"
        }
      ],
      "Settlements": {
        "Terminus": [
          {
            "Chance": 40,
            "Description": "None"
          },
          {
            "Chance": 55,
            "Description": "Orbital settlement"
          },
          {
            "Chance": 80,
            "Description": "Planetside settlement"
          },
          {
            "Chance": 92,
            "Description": "Multiple settlements"
          },
          {
            "Chance": 100,
            "Description": "Settlements in conflict"
          }
        ],
        "Outlands": [
          {
            "Chance": 65,
            "Description": "None"
          },
          {
            "Chance": 75,
            "Description": "Orbital settlement"
          },
          {
            "Chance": 92,
            "Description": "Planetside settlement"
          },
          {
            "Chance": 97,
            "Description": "Multiple settlements"
          },
          {
            "Chance": 100,
            "Description": "Settlements in conflict"
          }
        ],
        "Expanse": [
          {
            "Chance": 85,
            "Description": "None"
          },
          {
            "Chance": 90,
            "Description": "Orbital settlement"
          },
          {
            "Chance": 97,
            "Description": "Planetside settlement"
          },
          {
            "Chance": 99,
            "Description": "Multiple settlements"
          },
          {
            "Chance": 100,
            "Description": "Settlements in conflict"
          }
        ]
      },
      "Observed From Space": [
        {
          "Chance": 11,
          "Description": "Complex reef systems"
        },
        {
          "Chance": 22,
          "Description": "Emerging volcanoes"
        },
        {
          "Chance": 33,
          "Description": "Floating forests"
        },
        {
          "Chance": 44,
          "Description": "Global hurricanes"
        },
        {
          "Chance": 55,
          "Description": "Large moon and strong tides"
        },
        {
          "Chance": 66,
          "Description": "Scattered islands"
        },
        {
          "Chance": 77,
          "Description": "Semi-frozen oceans"
        },
        {
          "Chance": 88,
          "Description": "Unusual water color"
        },
        {
          "Chance": 92,
          "Description": "Precursor orbital site"
        },
        {
          "Chance": 100,
          "Description": "[Descriptor/Focus]"
        }
      ],
      "Life": [
        {
          "Chance": 5,
          "Description": "None"
        },
        {
          "Chance": 15,
          "Description": "Extinct"
        },
        {
          "Chance": 25,
          "Description": "Simple"
        },
        {
          "Chance": 45,
          "Description": "Sparse"
        },
        {
          "Chance": 70,
          "Description": "Diverse"
        },
        {
          "Chance": 90,
          "Description": "Bountiful"
        },
        {
          "Chance": 100,
          "Description": "Overrun"
        }
      ],
      "Closer Look": [
        {
          "Chance": 7,
          "Description": "Abyssal trenches"
        },
        {
          "Chance": 14,
          "Description": "Destructive waterspouts"
        },
        {
          "Chance": 21,
          "Description": "Hydrothermal vents"
        },
        {
          "Chance": 28,
          "Description": "Living islands"
        },
        {
          "Chance": 35,
          "Description": "Roaming icebergs"
        },
        {
          "Chance": 42,
          "Description": "Shallow-water plains"
        },
        {
          "Chance": 49,
          "Description": "Subsurface volcanoes"
        },
        {
          "Chance": 56,
          "Description": "Titanic waves"
        },
        {
          "Chance": 63,
          "Description": "Undersea caves"
        },
        {
          "Chance": 70,
          "Description": "Undersea forests"
        },
        {
          "Chance": 77,
          "Description": "Unrelenting rainfall"
        },
        {
          "Chance": 84,
          "Description": "Violent currents"
        },
        {
          "Chance": 89,
          "Description": "Submerged precursor sites"
        },
        {
          "Chance": 100,
          "Description": "}Descriptor/Focus"
        }
      ],
      "Names": ["Abyss", "Aegir", "Alon", "Clarion", "Darya", "Earwyn", "Eldoris", "Horizon", "Hydra", "Kai", "Lotan", "Mira", "Navini", "Nerida", "Pelagic", "Proteus", "Russalka", "Siren", "Triton"]
    },
    "Rocky World": {
      "Chance": 90,
      "Description": "A rugged planet scarred by eons of destructive asteroid impacts.",
      "Thumbnail": "https://i.imgur.com/wRpdlc1.png",
      "Atmospheres": [
        {
          "Chance": 65,
          "Description": "None / thin"
        },
        {
          "Chance": 85,
          "Description": "Toxic"
        },
        {
          "Chance": 90,
          "Description": "Corrosive"
        },
        {
          "Chance": 100,
          "Description": "Marginal"
        }
      ],
      "Settlements": {
        "Terminus": [
          {
            "Chance": 50,
            "Description": "None"
          },
          {
            "Chance": 70,
            "Description": "Orbital settlement"
          },
          {
            "Chance": 85,
            "Description": "Planetside settlement"
          },
          {
            "Chance": 95,
            "Description": "Multiple settlements"
          },
          {
            "Chance": 100,
            "Description": "Settlements in conflict"
          }
        ],
        "Outlands": [
          {
            "Chance": 75,
            "Description": "None"
          },
          {
            "Chance": 87,
            "Description": "Orbital settlement"
          },
          {
            "Chance": 95,
            "Description": "Planetside settlement"
          },
          {
            "Chance": 98,
            "Description": "Multiple settlements"
          },
          {
            "Chance": 100,
            "Description": "Settlements in conflict"
          }
        ],
        "Expanse": [
          {
            "Chance": 90,
            "Description": "None"
          },
          {
            "Chance": 96,
            "Description": "Orbital settlement"
          },
          {
            "Chance": 100,
            "Description": "Planetside settlement"
          }
        ]
      },
      "Observed From Space": [
        {
          "Chance": 11,
          "Description": "Barren plains"
        },
        {
          "Chance": 22,
          "Description": "Broken / cracked form"
        },
        {
          "Chance": 33,
          "Description": "Dense ring system"
        },
        {
          "Chance": 44,
          "Description": "Massive impact crater"
        },
        {
          "Chance": 55,
          "Description": "Misshapen form (low gravity)"
        },
        {
          "Chance": 66,
          "Description": "Perpetual night"
        },
        {
          "Chance": 77,
          "Description": "Colossal mountains / plateaus"
        },
        {
          "Chance": 88,
          "Description": "Constant asteroid strikes"
        },
        {
          "Chance": 92,
          "Description": "Precursor orbital site"
        },
        {
          "Chance": 100,
          "Description": "[Descriptor/Focus]"
        }
      ],
      "Life": [
        {
          "Chance": 55,
          "Description": "None"
        },
        {
          "Chance": 65,
          "Description": "Extinct"
        },
        {
          "Chance": 80,
          "Description": "Simple"
        },
        {
          "Chance": 90,
          "Description": "Sparse"
        },
        {
          "Chance": 95,
          "Description": "Diverse"
        },
        {
          "Chance": 98,
          "Description": "Bountiful"
        },
        {
          "Chance": 100,
          "Description": "Overrun"
        }
      ],
      "Closer Look": [
        {
          "Chance": 7,
          "Description": "Crystalline formations"
        },
        {
          "Chance": 14,
          "Description": "Crystalline caves"
        },
        {
          "Chance": 21,
          "Description": "Expansive dust dunes"
        },
        {
          "Chance": 28,
          "Description": "Exposed mineral deposits"
        },
        {
          "Chance": 35,
          "Description": "Geometric mineral formations"
        },
        {
          "Chance": 42,
          "Description": "Geothermal vents"
        },
        {
          "Chance": 49,
          "Description": "Magnetic anomalies"
        },
        {
          "Chance": 56,
          "Description": "Rubble-strewn lava fields"
        },
        {
          "Chance": 63,
          "Description": "Steam-heated caves"
        },
        {
          "Chance": 70,
          "Description": "Subsurface magma flows"
        },
        {
          "Chance": 77,
          "Description": "Swirling low-lying gasses"
        },
        {
          "Chance": 84,
          "Description": "Towering rock formations"
        },
        {
          "Chance": 89,
          "Description": "Precursor sites"
        },
        {
          "Chance": 100,
          "Description": "[Descriptor/Focus]"
        }
      ],
      "Names": ["Artemis", "Asteria", "Capella", "Desolation", "Dusk", "Imbrium", "Latona", "Losna", "Orpheus", "Quietus", "Selene", "Silas", "Slate", "Solitude", "Themis", "Umbra"]
    },
    "Tainted World": {
      "Chance": 98,
      "Description": "A foul planet wracked by a poisonous climate and virulent growths.",
      "Thumbnail": "https://i.imgur.com/TPb8p6L.png",
      "Atmospheres": [
        {
          "Chance": 65,
          "Description": "Toxic"
        },
        {
          "Chance": 85,
          "Description": "Corrosive"
        },
        {
          "Chance": 95,
          "Description": "Marginal"
        },
        {
          "Chance": 100,
          "Description": "Breathable"
        }
      ],
      "Settlements": {
        "Terminus": [
          {
            "Chance": 80,
            "Description": "None"
          },
          {
            "Chance": 90,
            "Description": "Orbital settlement"
          },
          {
            "Chance": 95,
            "Description": "Planetside settlement"
          },
          {
            "Chance": 98,
            "Description": "Multiple settlements"
          },
          {
            "Chance": 100,
            "Description": "Settlements in conflict"
          }
        ],
        "Outlands": [
          {
            "Chance": 90,
            "Description": "None"
          },
          {
            "Chance": 97,
            "Description": "Orbital settlement"
          },
          {
            "Chance": 100,
            "Description": "Planetside settlement"
          }
        ],
        "Expanse": [
          {
            "Chance": 95,
            "Description": "None"
          },
          {
            "Chance": 98,
            "Description": "Orbital settlement"
          },
          {
            "Chance": 100,
            "Description": "Planetside settlement"
          }
        ]
      },
      "Observed From Space": [
        {
          "Chance": 11,
          "Description": "Expansive fungal plains"
        },
        {
          "Chance": 22,
          "Description": "Fungal forests"
        },
        {
          "Chance": 33,
          "Description": "Scabrous, infected terrain"
        },
        {
          "Chance": 44,
          "Description": "Sky-breaching fungus"
        },
        {
          "Chance": 55,
          "Description": "Sludge-filled river networks"
        },
        {
          "Chance": 66,
          "Description": "Stagnant cloud cover"
        },
        {
          "Chance": 77,
          "Description": "Thick, murky atmosphere"
        },
        {
          "Chance": 88,
          "Description": "Toxic seas"
        },
        {
          "Chance": 92,
          "Description": "Precursor orbital site"
        },
        {
          "Chance": 100,
          "Description": "[Descriptor/Focus]"
        }
      ],
      "Life": [
        {
          "Chance": 5,
          "Description": "Simple"
        },
        {
          "Chance": 15,
          "Description": "Sparse"
        },
        {
          "Chance": 30,
          "Description": "Diverse"
        },
        {
          "Chance": 55,
          "Description": "Bountiful"
        },
        {
          "Chance": 100,
          "Description": "Overrun"
        }
      ],
      "Closer Look": [
        {
          "Chance": 7,
          "Description": "Ancient industrial waste"
        },
        {
          "Chance": 14,
          "Description": "Caustic gas storms"
        },
        {
          "Chance": 21,
          "Description": "Corrosive, low-lying fog"
        },
        {
          "Chance": 28,
          "Description": "Fungal infestations"
        },
        {
          "Chance": 35,
          "Description": "Gelatinous ponds"
        },
        {
          "Chance": 42,
          "Description": "Moldering bones"
        },
        {
          "Chance": 49,
          "Description": "Mutated flora"
        },
        {
          "Chance": 56,
          "Description": "Ooze-encrusted caves"
        },
        {
          "Chance": 63,
          "Description": "Poisonous gas vents"
        },
        {
          "Chance": 70,
          "Description": "Spore clouds"
        },
        {
          "Chance": 77,
          "Description": "Stifling heat"
        },
        {
          "Chance": 84,
          "Description": "Toxic rains"
        },
        {
          "Chance": 89,
          "Description": "Corrupted precursor sites"
        },
        {
          "Chance": 100,
          "Description": "[Descriptor/Focus]"
        }
      ],
      "Names": ["Achlys", "Bane", "Blight", "Chitin", "Damnation", "Datura", "Erra", "Febris", "Malacia", "Miasma", "Morbus", "Pestilence", "Scourge", "Telium", "Timoris", "Verus"]
    },
    "Vital World": {
      "Chance": 100,
      "Description": "This diverse, life-bearing planet might provide some small measure of hope.",
      "Thumbnail": "https://i.imgur.com/Syhr8rp.png",
      "Atmospheres": [
        {
          "Chance": 25,
          "Description": "Marginal"
        },
        {
          "Chance": 75,
          "Description": "Breathable"
        },
        {
          "Chance": 100,
          "Description": "Ideal"
        }
      ],
      "Settlements": {
        "Terminus": [
          {
            "Chance": 30,
            "Description": "None"
          },
          {
            "Chance": 40,
            "Description": "Orbital settlement"
          },
          {
            "Chance": 75,
            "Description": "Planetside settlement"
          },
          {
            "Chance": 90,
            "Description": "Multiple settlements"
          },
          {
            "Chance": 100,
            "Description": "Settlements in conflict"
          }
        ],
        "Outlands": [
          {
            "Chance": 60,
            "Description": "None"
          },
          {
            "Chance": 65,
            "Description": "Orbital settlement"
          },
          {
            "Chance": 90,
            "Description": "Planetside settlement"
          },
          {
            "Chance": 97,
            "Description": "Multiple settlements"
          },
          {
            "Chance": 100,
            "Description": "Settlements in conflict"
          }
        ],
        "Expanse": [
          {
            "Chance": 80,
            "Description": "None"
          },
          {
            "Chance": 83,
            "Description": "Orbital settlement"
          },
          {
            "Chance": 93,
            "Description": "Planetside settlement"
          },
          {
            "Chance": 98,
            "Description": "Multiple settlements"
          },
          {
            "Chance": 100,
            "Description": "Settlements in conflict"
          }
        ]
      },
      "Observed From Space": [
        {
          "Chance": 11,
          "Description": "Ancient terraforming engines"
        },
        {
          "Chance": 22,
          "Description": "Complex ring system"
        },
        {
          "Chance": 33,
          "Description": "Dramatic seasonal variation"
        },
        {
          "Chance": 44,
          "Description": "High gravity"
        },
        {
          "Chance": 55,
          "Description": "Large moon"
        },
        {
          "Chance": 66,
          "Description": "Narrow livable band"
        },
        {
          "Chance": 77,
          "Description": "Numerous small moons"
        },
        {
          "Chance": 88,
          "Description": "Unusual day/night cycle"
        },
        {
          "Chance": 92,
          "Description": "Precursor orbital site"
        },
        {
          "Chance": 100,
          "Description": "[Descriptor/Focus]"
        }
      ],
      "Diversity": [
        {
          "Chance": 20,
          "Description": "Simple (two biomes)",
          "Amount": 2
        },
        {
          "Chance": 70,
          "Description": "Diverse (three biomes)",
          "Amount": 3
        },
        {
          "Chance": 90,
          "Description": "Complex (four biomes)",
          "Amount": 4
        },
        {
          "Chance": 100,
          "Description": "Garden world (five+ biomes)",
          "Amount": 5
        }
      ],
      "Biomes": [
        {
          "Chance": 5,
          "Description": "Caves"
        },
        {
          "Chance": 10,
          "Description": "Cold forest"
        },
        {
          "Chance": 15,
          "Description": "Fungal"
        },
        {
          "Chance": 20,
          "Description": "Glacial / snow"
        },
        {
          "Chance": 25,
          "Description": "Grassland"
        },
        {
          "Chance": 30,
          "Description": "Islands"
        },
        {
          "Chance": 35,
          "Description": "Jungle"
        },
        {
          "Chance": 40,
          "Description": "Mountainous"
        },
        {
          "Chance": 45,
          "Description": "Ocean"
        },
        {
          "Chance": 50,
          "Description": "Rocky desert"
        },
        {
          "Chance": 55,
          "Description": "Sandy desert"
        },
        {
          "Chance": 60,
          "Description": "Savanna"
        },
        {
          "Chance": 65,
          "Description": "Shallow seas"
        },
        {
          "Chance": 70,
          "Description": "Shrubland"
        },
        {
          "Chance": 75,
          "Description": "Temperate rainforest"
        },
        {
          "Chance": 80,
          "Description": "Temperate forest"
        },
        {
          "Chance": 85,
          "Description": "Tundra"
        },
        {
          "Chance": 90,
          "Description": "Volcanic"
        },
        {
          "Chance": 95,
          "Description": "Waterways"
        },
        {
          "Chance": 100,
          "Description": "Wetland"
        }
      ],
      "Closer Look": [
        {
          "Chance": 6,
          "Description": "Chaotically juxtaposed biomes"
        },
        {
          "Chance": 13,
          "Description": "Crystalline formations"
        },
        {
          "Chance": 20,
          "Description": "Dramatic sky color / auroras"
        },
        {
          "Chance": 26,
          "Description": "Fierce electrical storms"
        },
        {
          "Chance": 32,
          "Description": "Floating / suspended terrain"
        },
        {
          "Chance": 38,
          "Description": "Frequent seismic activity"
        },
        {
          "Chance": 44,
          "Description": "Geometric terrain patterns"
        },
        {
          "Chance": 51,
          "Description": "Magnetic anomalies"
        },
        {
          "Chance": 57,
          "Description": "Sudden weather fluctuations"
        },
        {
          "Chance": 64,
          "Description": "Towering geological formations"
        },
        {
          "Chance": 71,
          "Description": "Towering plant life"
        },
        {
          "Chance": 78,
          "Description": "Vibrantly colored landscapes"
        },
        {
          "Chance": 88,
          "Description": "Precursor sites"
        },
        {
          "Chance": 100,
          "Description": "[Descriptor/Focus]"
        }
      ],
      "Life": [
        {
          "Chance": 20,
          "Description": "Sparse"
        },
        {
          "Chance": 50,
          "Description": "Diverse"
        },
        {
          "Chance": 85,
          "Description": "Bountiful"
        },
        {
          "Chance": 100,
          "Description": "Overrun"
        }
      ],
      "Names": ["Demeter", "Erebos", "Feronia", "Fortuna", "Gaia", "Harbinger", "Haven", "Hope", "Kishar", "Morpheus", "Nemus", "Placid", "Serenity", "Sif", "Silva", "Sirona", "Vale"]
    }
  }
}
