{
  "Title": "Starforged Oracles - Location",
  "Source": {
    "Name": "Starforged Playtest Oracles",
    "Version": "091420"
  },
  "Oracles": {
    "Space Sighting": {
      "Outlands": [
        {
          "Chance": 24,
          "Description": "[Stellar Object]"
        },
        {
          "Chance": 40,
          "Description": "[Cosmic Matter]"
        },
        {
          "Chance": 65,
          "Description": "[Planet]"
        },
        {
          "Chance": 70,
          "Description": "Settlement: Deep space"
        },
        {
          "Chance": 77,
          "Description": "Precursor site: Deep space"
        },
        {
          "Chance": 81,
          "Description": "[Creature]"
        },
        {
          "Chance": 87,
          "Description": "[Starship]"
        },
        {
          "Chance": 94,
          "Description": "[Descriptor/Focus]"
        },
        {
          "Chance": 99,
          "Description": "[Roll twice]"
        },
        {
          "Chance": 100,
          "Description": "[Roll three times]"
        }
      ],
      "Expanse": [
        {
          "Chance": 24,
          "Description": "[Stellar Object]"
        },
        {
          "Chance": 40,
          "Description": "[Cosmic Matter]"
        },
        {
          "Chance": 65,
          "Description": "[Planet]"
        },
        {
          "Chance": 67,
          "Description": "Settlement: Deep space"
        },
        {
          "Chance": 76,
          "Description": "Precursor site: Deep space"
        },
        {
          "Chance": 82,
          "Description": "[Creature]"
        },
        {
          "Chance": 84,
          "Description": "[Starship]"
        },
        {
          "Chance": 94,
          "Description": "[Descriptor/Focus]"
        },
        {
          "Chance": 99,
          "Description": "[Roll twice]"
        },
        {
          "Chance": 100,
          "Description": "[Roll three times]"
        }
      ],
      "Terminus": [
        {
          "Chance": 20,
          "Description": "[Stellar Object]"
        },
        {
          "Chance": 33,
          "Description": "[Cosmic Matter]"
        },
        {
          "Chance": 56,
          "Description": "[Planet]"
        },
        {
          "Chance": 66,
          "Description": "Settlement: Deep space"
        },
        {
          "Chance": 71,
          "Description": "Precursor site: Deep space"
        },
        {
          "Chance": 74,
          "Description": "[Creature]"
        },
        {
          "Chance": 89,
          "Description": "[Starship]"
        },
        {
          "Chance": 94,
          "Description": "[Descriptor/Focus]"
        },
        {
          "Chance": 99,
          "Description": "[Roll twice]"
        },
        {
          "Chance": 100,
          "Description": "[Roll three times]"
        }
      ]
    },
    "Stellar Object": [
      {
        "Chance": 20,
        "Description": "Smoldering red star"
      },
      {
        "Chance": 35,
        "Description": "Glowing orange star"
      },
      {
        "Chance": 50,
        "Description": "Burning yellow star"
      },
      {
        "Chance": 55,
        "Description": "Blazing blue star"
      },
      {
        "Chance": 65,
        "Description": "Young star incubating in a molecular cloud"
      },
      {
        "Chance": 75,
        "Description": "White dwarf shining with spectral light"
      },
      {
        "Chance": 79,
        "Description": "Corrupted star radiating with unnatural light"
      },
      {
        "Chance": 82,
        "Description": "Neutron star surrounded by intense magnetic fields"
      },
      {
        "Chance": 85,
        "Description": "Two stars in close orbit connected by fiery tendrils of energy"
      },
      {
        "Chance": 88,
        "Description": "Black hole allows nothing to escape—not even light"
      },
      {
        "Chance": 98,
        "Description": "Hypergiant star generating turbulent solar winds"
      },
      {
        "Chance": 99,
        "Description": "Artificial star constructed by a long-dead civilization"
      },
      {
        "Chance": 100,
        "Description": "Unstable star showing signs of impending supernova"
      }
    ],
    "Cosmic Matter": [
      {
        "Chance": 40,
        "Description": "[Asteroid Type] [Asteroid Material]"
      },
      {
        "Chance": 50,
        "Description": "Metallic debris field"
      },
      {
        "Chance": 75,
        "Description": "Dense planetary nebula"
      },
      {
        "Chance": 85,
        "Description": "Fiery energy storm"
      },
      {
        "Chance": 92,
        "Description": "Turbulent gravitational wave"
      },
      {
        "Chance": 98,
        "Description": "Wayward comet"
      },
      {
        "Chance": 100,
        "Description": "Spacetime rupture"
      }
    ],
    "Asteroid Type": [
      {
        "Chance": 25,
        "Description": "Planetoid"
      },
      {
        "Chance": 50,
        "Description": "Scattered field"
      },
      {
        "Chance": 100,
        "Description": "Dense field"
      }
    ],
    "Asteroid Material": [
      {
        "Chance": 40,
        "Description": "Crystalline"
      },
      {
        "Chance": 50,
        "Description": "Ice"
      },
      {
        "Chance": 75,
        "Description": "Metallic"
      },
      {
        "Chance": 85,
        "Description": "Organic"
      },
      {
        "Chance": 92,
        "Description": "Rocky"
      }
    ],
    "Precursor Site": {
      "Orbital": ["not yet available"],
      "Planetside": ["not yet available"],
      "Deep space": ["not yet available"],
    "Planet": [
      {
        "Chance": 15,
        "Description": "Desert World"
      },
      {
        "Chance": 30,
        "Description": "Furnace World"
      },
      {
        "Chance": 35,
        "Description": "Grave World"
      },
      {
        "Chance": 50,
        "Description": "Ice World"
      },
      {
        "Chance": 65,
        "Description": "Jovian World"
      },
      {
        "Chance": 70,
        "Description": "Jungle World"
      },
      {
        "Chance": 75,
        "Description": "Ocean World"
      },
      {
        "Chance": 90,
        "Description": "Rocky World"
      },
      {
        "Chance": 98,
        "Description": "Tainted World"
      },
      {
        "Chance": 100,
        "Description": "Vital World"
      }
    ]
    }
  }
}
