{
  "Title": "Starforged Moves",
  "Source": {
    "Name": "Starforged Playtest Moves",
    "Version": "122020"
  },
  "Quest Moves": {
    "Swear an Iron Vow": {
      "Text": "**When you swear upon iron to complete a quest**, write your vow and give it a rank. Then, roll +heart. If you swear this vow to a connection, add +1; if you share a bond, add +2.\n\nOn a **strong hit**, you are emboldened and it is clear what you must do next (__Ask the Oracle__ if unsure). Take +2 momentum.\n\nOn a **weak hit**, you are determined but begin your quest with more questions than answers. Take +1 momentum, and envision what you do to find a path forward.\n\nOn a **miss**, you face a significant obstacle before you can begin your quest. Envision what stands in your way (__Ask the Oracle__ if unsure), and do what you must to overcome this obstacle."
    },
    "Reach a Milestone": {
      "Text": "**When you make significant progress in your quest** by doing any of the following...\n\n  * overcoming a critical obstacle\n  * completing a perilous expedition\n  * solving a complex mystery\n  * defeating a powerful foe\n  * gaining vital support\n  * acquiring a crucial item or resource\n\n ...you may mark progress per the rank of the vow."
    },
    "Forsake Your Vow": {
      "Text": "**When you renounce your quest, betray your promise, or the goal is lost to you**, clear the vow. Then, envision how this failure impacts you and __Pay the Price__. If the vow was made to a connection, __Test Your Relationship__ when you next interact."
    },
    "Fulfill Your Vow": {
      "Text": "***Progress Move***\n\n**When you reach the end of your quest**, roll the challenge dice and compare to your progress. Momentum is ignored on this roll.\n\nOn a **strong hit**, your vow is fulfilled. Mark a reward on your quests legacy track per the vow’s rank: troublesome=1 tick; dangerous=2 ticks; formidable=1 box; extreme=2 boxes; epic=3 boxes.\n\nOn a **weak hit**, as above, but there is more to be done or you realize the truth of your quest. If you __Swear an Iron Vow__ to set things right, take your full legacy reward. Otherwise, make the reward one rank lower.\n\nOn a **miss**, your quest is undone. Envision what happens (__Ask the Oracle__ if unsure), and choose one.\n\n  * Recommit: Clear all but one progress box, and raise the vow’s rank by one (if not already epic).\n  * Give up: __Forsake Your Vow__."
    }
  },
  "Adventure Moves": {
    "Face Danger": {
      "Text": "**When you attempt something risky or react to an imminent threat**, envision your action and roll. If you act...\n\n  * With speed, mobility, or agility: Roll +edge\n  * With charm, loyalty, courage, or command: Roll +heart\n  * With strength, endurance, or aggression: Roll +iron\n  * With deception, stealth, or trickery: Roll +shadow\n  * With expertise, focus, or observation: Roll +wits\n\nOn a **strong hit**, you are successful. Take +1 momentum.\n\nOn a **weak hit**, you succeed, but at a troublesome cost. Make a suffer move (-1).\n\nOn a **miss**, you fail, or a momentary success is undermined by a dire turn of events. __Pay the Price__."
    },
    "Secure an Advantage": {
      "Text": "**When you assess a situation, make preparations, or attempt to gain leverage**, envision your action and roll. If you act...\n\n  * With speed, mobility, or agility: Roll +edge\n  * With charm, loyalty, courage, or command: Roll +heart\n  * With strength, endurance, aggression: Roll +iron\n  * With deception, stealth, or trickery: Roll +shadow\n  * With expertise, focus, or observation: Roll +wits\n\nOn a **strong hit**, take both. On a **weak hit**, choose one.\n\n  * Take +2 momentum\n  * Add +1 on your next move (not a progress move)\n\nOn a **miss**, you fail or your assumptions betray you. __Pay the Price__."
    },
    "Gather Information": {
      "Text": "**When you search for clues, ask questions, analyze evidence, or do research**, roll +wits.\n\nOn a **strong hit**, you discover something helpful and specific. The path you must follow or action you must take to make progress is made clear. Envision what you learn (__Ask the Oracle__ if unsure), and take +2 momentum.\n\nOn a **weak hit**, the information provides new insight, but also introduces a complication. Envision what you discover (__Ask the Oracle__ if unsure), and take +1 momentum.\n\nOn a **miss**, your investigation unearths a dire threat or reveals an unwelcome truth that undermines your quest. __Pay the Price__."
    },
    "Compel": {
      "Text": "**When you try to persuade someone or make them an offer**, envision your approach. If you...\n\n  * Charm, pacify, encourage, or barter: Roll +heart\n  * Threaten or incite: Roll +iron\n  * Lie or swindle: Roll +shadow\n\nOn a **strong hit**, they’ll do what you want or agree to your conditions. Take +1 momentum.\n\nOn a **weak hit**, as above, but their agreement comes with a condition or complication. Envision their counteroffer (__Ask the Oracle__ if unsure).\n\nOn a **miss**, they refuse or make a demand which costs you greatly. __Pay the Price__."
    },
    "Aid Your Ally": {
      "Text": "**When you act in direct support of an ally**, envision how you aid them. Then, __Secure an Advantage__ or __Gain Ground__ to take action. If you score a hit, they (instead of you) take the benefits of the move.\n\nIf you __Gain Ground__ and score a strong hit, you are both in control. On a **weak hit**, your ally is in control but you are in a bad spot."
    },
    "Check Your Gear": {
      "Text": "**When you check to see if you have a specific helpful item or resource**, roll +supply.\n\nOn a **strong hit**, you have it, and are ready to act. Take +1 momentum. On a **weak hit**, you have it, but must choose one.\n\n  * Your supply is diminished: __Sacrifice Resources (-1)__\n  * It’s not quite right, and causes a complication or delay: __Lose Momentum (-2)__ On a **miss**, you don’t have it and the situation grows more perilous. __Pay the Price__."
    }
  },
  "Fate Moves": {
    "Pay the Price": {
      "Text": "**When you suffer the outcome of a move**, choose one.\n\n  * Make the most obvious negative outcome happen.\n  * Envision two negative outcomes. Rate one as ‘likely’, and __Ask the Oracle__ using the yes/no table. On a ‘yes’, make that outcome happen. Otherwise, make it the other.\n  * Roll on the following table. If you have difficulty interpreting the result to fit the current situation, roll again.\n\nRoll   | Result\n-------|---------------------------------------------------------------------\n1-2    | A trusted individual or community acts against you\n3-4    | An individual or community you care about is exposed to danger\n5-7    | You encounter signs of a looming threat or complication\n8-10   | You create an opportunity for an enemy\n11-14  | You face a tough choice\n15-18  | You face the consequences of an earlier choice\n19-22  | A surprising development complicates your quest\n23-26  | You are separated from something or someone\n27-32  | Your action causes collateral damage or has an unintended effect\n33-38  | Something of value is lost or destroyed\n39-44  | The environment or terrain introduces a new hazard\n45-50  | A new enemy is revealed\n51-56  | Your equipment or vehicle malfunctions\n57-62  | A friend, companion, or ally is in harm’s way (or you are, if alone)\n63-68  | Your vehicle suffers damage\n69-74  | You waste resources\n75-81  | You are harmed\n82-88  | You are stressed\n89-95  | You are delayed or put at a disadvantage\n96-100 | Roll twice"
    },
    "Ask the Oracle": {
      "Text": "**When you seek to resolve questions, discover details, reveal locations, determine how other characters respond, or trigger encounters or events**, you may...\n\n  * Draw a conclusion: Decide the answer based on the most interesting and obvious result.\n  * Ask a yes/no question: Decide the odds of a yes, and roll on the table below to check the answer.\n  * Pick two: Envision two options. Rate one as ‘likely’, and roll on the table below to see if it is true. If not, it is the other.\n  * Spark an idea: Use a random prompt.\n\nOdds           | The answer is ‘yes’ if you roll...\n---------------|-----------------------------------\nAlmost Certain | 11 or greater\nLikely         | 26 or greater\n50/50          | 51 or greater\nUnlikely       | 76 or greater\nSmall Chance   | 91 or greater\n\nOn a match, an extreme result or twist has occurred."
    }
  },
  "Connection Moves": {
    "Make A Connection": {
      "Text": "**When you search out a new relationship or give focus to an existing relationship (not an ally or companion)**, roll +heart.\n\nOn a **strong hit**, you create a connection. Give them a role and rank. Whenever your connection aids you on a move closely associated with their role, add +1 and take +1 momentum on a hit.\n\nOn a **weak hit**, as above, but this connection comes with a complication or cost. Envision what they reveal or demand (__Ask the Oracle__ if unsure).\n\nOn a **miss**, you don’t make a connection and the situation worsens. __Pay the Price__."
    },
    "Develop Your Relationship": {
      "Text": "**When you reinforce your relationship with a connection** by doing any of the following...\n\n  * swearing a vow to undertake a perilous quest in their service\n  * completing a quest to their benefit\n  * leveraging their help in desperate circumstance\n  * giving them something of worth\n  * sharing a profound moment\n  * standing with them against hardship\n  * overcoming a test of your relationship\n\n ...you may mark progress per the rank of the connection."
    },
    "Forge A Bond": {
      "Text": "***Progress Move***\n\n**When your relationship with a connection is ready to evolve**, roll the challenge dice and compare to your progress. Momentum is ignored on this roll.\n\nOn a **strong hit**, you now share a bond. Mark a reward on your bonds legacy track per the connection’s rank: troublesome=1 tick; dangerous=2 ticks; formidable=1 box; extreme=2 boxes; epic=3 boxes. Then, choose one.\n\n  * Bolster their influence: When your connection aids you on a move closely associated with their role, add +2 instead of +1.\n  * Expand their role: Give your connection an additional role. When your connection aids you on a move closely associated with their new role, add +1 and take +1 momentum on a hit.\n\nOn a **weak hit**, as above, but they ask something more of you first. To gain the bond and the legacy reward, envision the nature of the request (__Ask the Oracle__ if unsure), and do it (or __Swear an Iron Vow__ to see it done).\n\nOn a **miss**, they reveal a motivation or background which puts you at odds. If you recommit to this relationship, clear all but one progress box and raise the rank of the connection by one (if not already epic)."
    },
    "Test Your Relationship": {
      "Text": "**When your relationship with a connection is tested through conflict, betrayal, or circumstance**, roll +heart. If you share a bond, add +1.\n\nOn a **strong hit**, this test has strengthened your relationship. If you share a bond, mark one tick on your bonds legacy track. Otherwise, __Develop a Relationship__.\n\nOn a **weak hit**, as above, but you must first prove your commitment. Envision what they demand of you (__Ask the Oracle__ if unsure), and do it (or __Swear an Iron Vow__ to see it done). If you refuse or fail, see the miss result below.\n\nOn a **miss**, or if you have no interest in maintaining this relationship, the connection is undone. Envision how this loss impacts you and __Pay the Price__."
    }
  },
  "Exploration Moves": {
    "Undertake an Expedition": {
      "Text": "**When you trailblaze a route through perilous space, journey over unexplored terrain, or survey a mysterious site**, give the expedition a name and rank.\n\nThen, for each segment of the expedition, envision your approach. If you...\n\n  * Move at speed: Roll +edge\n  * Keep under the radar: Roll +shadow\n  * Stay vigilant: Roll +wits\n\nOn a **strong hit**, you reach a waypoint. Envision it (__Ask the Oracle__ if unsure) and mark progress per the rank of your expedition.\n\nOn a **weak hit**, you reach a waypoint and mark progress, but must also choose one.\n\n  * Suffer costs en route: Make a suffer move (-2), or two suffer moves (-1).\n  * Face a complication at the waypoint: Envision what you encounter (__Ask the Oracle__ if unsure).\n\nOn a **miss**, you are waylaid by a crisis, or arrive at a waypoint to confront a dire threat. Do not mark progress, and __Pay the Price__."
    },
    "Explore a Waypoint": {
      "Text": "**When you divert from an expedition to scout a notable location**, roll +wits. On a **strong hit**, choose one. On a **strong hit with a match**, you may instead __Make a Discovery__.\n\n  * Find an opportunity: Envision a favorable situation, resource, or encounter (__Ask the Oracle__ if unsure), and take +2 momentum.\n  * Gain exploration data: Mark progress on your expedition, per its rank.\n\nOn a **weak hit**, you uncover something interesting, but it is bound up in a complication or reveals an ominous new aspect of this place. Envision what you encounter (__Ask the Oracle__ if unsure) and take +1 momentum.\n\nOn a **miss**, you encounter an immediate hardship or threat, and must __Pay the Price__. On a **miss with a match**, you instead __Confront Chaos__."
    },
    "Finish an Expedition": {
      "Text": "***Progress Move***\n\n**When your expedition comes to an end**, roll the challenge dice and compare to your progress. Momentum is ignored on this roll.\n\nOn a **strong hit**, you reach your destination or complete your survey. Mark a reward on your discoveries legacy track per expedition’s rank: troublesome=1 tick; dangerous=2 ticks; formidable=1 box; extreme=2 boxes; epic=3 boxes.\n\nOn a **weak hit**, as above, but you face an unforeseen complication at the end of your expedition. Make the legacy reward one rank lower, and envision what you find (__Ask the Oracle__ if unsure).\n\nOn a **miss**, your destination is lost to you, or you come to understand the true nature or cost of the expedition. If you recommit to the expedition, clear all but one progress box, and raise the rank by one (if not already epic)."
    },
    "Set a Course": {
      "Text": "**When you follow a known route through perilous space or across hazardous terrain**, roll +supply.\n\nOn a **strong hit**, you reach your destination and the situation there favors you. Take +1 momentum.\n\nOn a **weak hit**, you arrive, but face a cost or complication. Choose one.\n\n  * Suffer costs en route: Make a suffer move (-2), or two suffer moves (-1).\n  * Face a complication at the destination: Envision what you encounter (__Ask the Oracle__ if unsure).\n\nOn a **miss**, you are waylaid by a threat along the way, and must __Pay the Price__. If you survive, you may push on safely to your destination."
    },
    "Make a Discovery": {
      "Text": "**When your exploration of a waypoint uncovers something wondrous**, roll on the table below. Then, envision the nature of the discovery and how it is revealed. When you first experience or engage with the discovery, you and your allies may mark two ticks on your discoveries legacy track.\n\nRoll   | Result\n-------|---------------------------------------------------------------\n1-4    | Advanced technology waiting to be harnessed or salvaged\n5-8    | Ancient archive or message\n9-10   | Artificial consciousness evolved to a higher state\n11-12  | Clues to a crucial resource or uncharted domain\n13-14  | Envoy from another time or reality\n15-22  | Extraordinary natural phenomenon\n23-24  | First contact with intelligent life\n25-26  | Gateway to another time or alternate reality\n27-28  | Key to unlocking a language or method of communication\n29-34  | Lost or hidden people\n35-42  | Majestic or unusual lifeforms\n43-46  | Marvel of ancient engineering\n47-50  | Miraculously preserved artifact or specimen\n51-56  | Monumental architecture or artistry of an ancient civilization\n57-62  | Mysterious device or artifact of potential value\n63-66  | New understanding of an enduring mystery\n67-68  | Pathway or means of travel to a distant location\n69-70  | Person or lifeform with phenomenal abilities\n71-78  | Place of awe-inspiring beauty\n79-86  | Rare and valuable resource\n87-88  | Safeguarded or idyllic location\n89-90  | Visions or prophesies of the future\n91-100 | Roll Twice"
    },
    "Confront Chaos": {
      "Text": "**When your exploration of a waypoint uncovers something dreadful**, choose the number of aspects: one, two, or three. Roll that number of times on the table below. If you roll the same aspect twice, roll again. Then, envision how the encounter begins.\n\nFor each result, when you first confront that aspect within the scope of the encounter, you and your allies may mark one tick on your discoveries legacy track.\n\nRoll   | Result\n-------|---------------------------------------------\n1-4    | Baneful weapon of mass destruction\n5-9    | Cataclysmic environmental effects\n10-12  | Dead given unnatural life\n13-17  | Destructive lifeform of monstrous proportion\n18-20  | Dread hallucinations or illusions\n21-24  | Harbingers of an imminent invasion\n25-27  | Horde of insatiable hunger or fury\n28-32  | Horrific lifeforms of inscrutable purpose\n33-36  | Impostors in human form\n37-41  | Machines made enemy\n42-45  | Malignant contagion or parasite\n46-50  | Messenger or signal with a dire warning\n51-53  | Passage to a grim alternate reality\n54-58  | People corrupted by chaos\n59-63  | Powerful distortions of time or space\n64-68  | Signs of an impending catastrophe\n69-72  | Site of a baffling disappearance\n73-77  | Site of a horrible disaster\n78-82  | Site of terrible carnage\n83-87  | Technology nullified or made unstable\n88-92  | Technology warped for dark purpose\n93-96  | Vault of dread technology or power\n97-100 | Worshipers of great and malevolent powers"
    }
  },
  "Combat Moves": {
    "Enter the Fray": {
      "Text": "**When you initiate combat or are forced into a fight**, envision your objective and give it a rank. If the combat includes discrete challenges or phases, set an objective with a rank for each.\n\nThen, roll to see if you are in control. If you are...\n\n  * On the move: Roll +edge\n  * Facing off against your foe: Roll +heart\n  * In the thick of it at close-quarters: Roll +iron\n  * Preparing to act against an unaware foe: Roll +shadow\n  * Caught in a trap or sizing up the situation: Roll +wits\n\nOn a **strong hit**, take both. On a **weak hit**, choose one.\n\n  * Take +2 momentum\n  * You are in control\n\nOn a **miss**, the fight begins with you in a bad spot."
    },
    "Gain Ground": {
      "Text": "**When you are in control and take action in a fight to reinforce your position or move towards an objective**, envision your approach and roll. If you are...\n\n  * In pursuit, fleeing, or maneuvering: Roll +edge\n  * Charging boldly into action, coming to the aid of others, negotiating, or commanding: Roll +heart\n  * Gaining leverage with force, powering through, or making a threat: Roll +iron\n  * Hiding, preparing an ambush, or misdirecting: Roll +shadow\n  * Coordinating a plan, studying a situation, or cleverly creating an opportunity: Roll +wits\n\nOn a **hit**, you stay in control. On a **strong hit**, choose two. On a **weak hit**, choose one.\n\n  * Mark progress\n  * Take +2 momentum\n  * Add +1 on your next move (not a progress move)\n\nOn a **miss**, your foe gains the upper hand, the fight moves to a new location, or you encounter a new complication. You are in a bad spot and must __Pay the Price__."
    },
    "React Under Fire": {
      "Text": "**When you are in a bad spot and take action in a fight to avoid danger or overcome an obstacle**, envision your approach and roll. If you are...\n\n  * In pursuit, fleeing, dodging, getting back into position, or taking cover: Roll +edge\n  * Remaining stalwart against fear or temptation: Roll +heart\n  * Blocking or diverting with force, or taking the hit: Roll +iron\n  * Moving into hiding or creating a distraction: Roll +shadow\n  * Changing the plan, finding a way out, or cleverly bypassing an obstacle: Roll +wits\n\nOn a **strong hit**, you succeed and are in control. Take +1 momentum.\n\nOn a **weak hit**, you succeed, but face a troublesome cost. Make a suffer move (-1). You stay in a bad spot.\n\nOn a **miss**, the situation worsens. You stay in a bad spot and must __Pay the Price__."
    },
    "Strike": {
      "Text": "**When you are in control and assault a foe at close-quarters**, roll +iron; **when you attack at a distance**, roll +edge.\n\nOn a **strong hit**, mark extra progress. You dominate your foe and stay in control. On a **weak hit**, mark extra progress, but you expose yourself to danger. You are in a bad spot.\n\nOn a **miss**, the fight turns against you. You are in a bad spot and must __Pay the Price__."
    },
    "Clash": {
      "Text": "**When you are in a bad spot and fight back against a foe at close-quarters**, roll +iron; **when you exchange fire at a distance**, roll +edge.\n\nOn a **strong hit**, mark extra progress. You overwhelm your foe and are in control. On a **weak hit**, mark progress, but you are dealt a counterblow or setback. You stay in a bad spot and must __Pay the Price__.\n\nOn a **miss**, your foe dominates this exchange. You stay in a bad spot and must __Pay the Price__."
    },
    "Face Defeat": {
      "Text": "**When you abandon or are deprived of an objective, envision the consequence of this failure**, clear the objective, and __Pay the Price__.\n\nIf the fight continues, you may create a new objective and give it a rank to represent the changing situation. If any objectives remain, the fight continues and you are in a bad spot."
    },
    "Take Decisive Action": {
      "Text": "***Progress Move***\n\n**When you seize an objective in a fight**, envision how you take decisive action. Then, roll the challenge dice and compare to your progress. Momentum is ignored on this roll.\n\nIf you are in control, check the result as normal. If you are in a bad spot, count a strong hit as a weak hit, and a weak hit as a miss.\n\nOn a **strong hit**, you prevail. Take +1 momentum. If any objectives remain and the fight continues, you are in control.\n\nOn a **weak hit**, you achieve your objective, but not without cost. Roll on the table below or choose one. If the fight continues, you are in a bad spot.\n\nRoll   | Result\n-------|-----------------------------------------------------------------------\n1-40   | It’s worse than you thought: You or an ally make a suffer move (-2)\n41-52  | The victory is short-lived: A new complication or foe is revealed\n53-64  | You face collateral damage: Something is lost, damaged, or broken\n65-76  | Others pay the price: Someone else suffers the cost\n77-88  | Others won’t forget: You are marked for vengeance\n89-100 | It gets complicated: The true nature of a foe or objective is revealed\n\nOn a **miss**, you are defeated or your objective is lost. __Pay the Price__."
    },
    "Battle": {
      "Text": "**When you fight a battle and it happens in a blur**, envision your objective and roll. If you primarily...\n\n  * Fight at range, or using your speed and the environment to your advantage: Roll +edge.\n  * Fight depending on your courage, leadership, or companions: Roll +heart.\n  * Fight in close to overpower your foe: Roll +iron.\n  * Fight using trickery to befuddle your foe: Roll +shadow.\n  * Fight using careful tactics to outsmart your foe: Roll +wits.\n\nOn a **strong hit**, you achieve your objective unconditionally. You and any allies who joined the battle may take +2 momentum.\n\nOn a **weak hit**, you achieve your objective, but not without cost. __Pay the Price__. On a **miss**, you are defeated or the objective is lost to you. __Pay the Price__."
    }
  },
  "Suffer Moves": {
    "Lose Momentum": {
      "Text": "**When you are delayed or disadvantaged**, suffer -1 momentum for a minor setback, -2 for a serious setback, or -3 for a major setback.\n\nWhen your momentum is at its minimum (-6) and you must suffer -momentum, choose one.\n\n  * Envision how the price is paid and apply the cost to a different suffer move.\n  * Envision how this undermines your progress on a vow, expedition, connection, or combat. Then, clear 1 unit of progress on that track per its rank: troublesome=3 boxes; dangerous=2 boxes; formidable=1 box; extreme=2 ticks; epic=1 tick)."
    },
    "Endure Harm": {
      "Text": "**When you face physical injury, fatigue, or illness**, suffer -1 health for minor harm, -2 for serious harm, or -3 for major harm. If your health is 0, __Lose Momentum__ equal to any remaining harm.\n\nThen, if your health is 0 or you choose to resist the harm, roll +health or +iron, whichever is higher.\n\nOn a **strong hit**, choose one.\n\n  * Shake it off: If you are not wounded, take +1 health\n  * Embrace the pain: Take +1 momentum\n\nOn a **weak hit**, if you are not wounded, you may __Lose Momentum (-1)__ in exchange for +1 health. Otherwise, press on.\n\nOn a **miss**, it’s worse than you thought. Suffer an additional -1 health or __Lose Momentum (-2)__. If your health is 0, you must also mark **wounded** or **permanently harmed**, or roll on the table below.\n\nRoll   | Result\n-------|-----------------------------------------------------------------------------------------------------------------------------------------------------------------------------------------------\n1-10   | You suffer mortal harm. __Face Death__.\n11-20  | You are dying. Within an hour or two, you must __Heal__ and raise your health above 0, or __Face Death__.\n21-35  | You are unconscious and out of action. If left alone, you come back to your senses in an hour or two. If you are vulnerable to ongoing harm, __Face Death__.\n36-50  | You are reeling and fighting to stay conscious. If you engage in any vigorous activity before taking a breather for a few minutes, roll on this table again (before resolving the other move).\n51-100 | You are still standing."
    },
    "Endure Stress": {
      "Text": "**When you face mental strain, shock, or despair**, suffer -1 spirit for minor stress, -2 for serious stress, or -3 for major stress. If your spirit is 0, __Lose Momentum__ equal to any remaining stress\n\nThen, if your spirit is 0 or you choose to resist the stress, roll +spirit or +heart, whichever is higher.\n\nOn a **strong hit**, choose one.\n\n  * Shake it off: If you are not shaken, take +1 spirit\n  * Embrace the darkness: Take +1 momentum\n\nOn a **weak hit**, if you are not shaken, you may __Lose Momentum (-1)__ in exchange for +1 spirit. Otherwise, press on.\n\nOn a **miss**, it’s worse than you thought. Suffer an additional -1 spirit or __Lose Momentum (-2)__. If your spirit is 0, you must also mark **shaken** or **traumatized**, or roll on the table below.\n\nRoll   | Result\n-------|--------------------------------------------------------------------------\n1-10   | You are overwhelmed. __Face Desolation__.\n11-25  | You give up. __Forsake Your Vow__.\n26-50  | You give in to fear or compulsion, and act against your better instincts.\n51-100 | You persevere.\n"
    },
    "Withstand Damage": {
      "Text": "**When your vehicle faces a damaging situation or environment**, suffer -1 integrity for minor damage, -2 for serious damage, or -3 for major damage. If your integrity is 0, __Lose Momentum__ equal to any remaining damage.\n\nThen, if your integrity is 0 or you choose to resist the damage, roll +integrity. On a **strong hit**, choose one.\n\n  * Bypass the damage: If your vehicle is not battered, take +1 integrity\n  * Ride it out: Take +1 momentum\n\nOn a **weak hit**, if your vehicle is not battered, you may __Lose Momentum (-1)__ in exchange for +1 integrity. Otherwise, press on.\n\nOn a **miss**, it’s worse than you thought. Suffer an additional -1 integrity or __Lose Momentum (-2)__. If your integrity is 0, also suffer a cost according to the vehicle type.\n\n  * **Command vehicle:** Mark the vehicle as **battered** or **cursed**, mark a module as broken, destroy a broken module by discarding it, or roll on the table below. If the command vehicle is destroyed, __Overcome Destruction__.\n  * **Support vehicle:** Mark the vehicle as **battered** or roll on the table below. If the vehicle is destroyed, discard the asset.\n  * **Incidental vehicle:** Roll on the table below.\n\nRoll   | Result\n-------|-------------------------------------------------------------------------------------------------------------------------------------------------\n1-10   | Immediate catastrophic destruction. All aboard must __Endure Harm__ or __Face Death__, as appropriate.\n11-25  | Destruction is imminent and unavoidable. If you do not have the means or intention to get clear, __Endure Harm__ or __Face Death__, as appropriate.\n26-40  | Destruction is imminent, but can be averted if you __Repair__ your vehicle and raise its integrity above 0. If you fail, see 11-25.\n41-55  | You cannot __Repair__ this vehicle until you __Resupply__ and obtain a crucial replacement part. If you roll this result again prior to that, see 11-25.\n56-70  | The vehicle is crippled or out of your control. To get it back in action, you must __Repair__ and raise its integrity above 0.\n71-85  | It’s a rough ride. All aboard suffer must make the __Endure Harm__, __Endure Stress__, or __Companion Takes a Hit__ move, suffering a serious (-2) cost.\n86-95  | You’ve lost fuel, energy, or cargo. __Sacrifice Resources (-2)__.\n96-100 | Against all odds, the vehicle holds together."
    },
    "Companion Takes a Hit": {
      "Text": "**When your companion faces physical hardship**, they suffer -1 health for minor harm, -2 for serious harm, or -3 for major harm. If your companion’s health is 0, __Lose Momentum__ equal to any remaining harm.\n\nThen, if their health is 0 or you choose to test their resilience, roll +your companion’s +health.\n\nOn a **strong hit**, your companion rallies. Give them +1 health.\n\nOn a **weak hit**, if your companion’s health is not 0, you may __Lose Momentum (-1)__ and give them +1 health. Otherwise, they press on.\n\nOn a **miss**, it’s worse than you thought. They suffer an additional -1 health or you __Lose Momentum (-2)__. If your companion’s health is 0, they are out of action until given aid. If their health is 0 and you rolled a **miss with a match** on this move, they are dead or destroyed; discard the asset."
    },
    "Sacrifice Resources": {
      "Text": "**When you lose or consume resources**, suffer -1 supply for a minor loss, -2 for a serious loss, or -3 for a major loss.\n\nIf your supply is exhausted (reduced to 0), mark **unprepared**. When you suffer a loss of resources while unprepared, envision how this causes you hardship and apply the cost to a different suffer move."
    }
  },
  "Threshold Moves": {
    "Face Death": {
      "Text": "**When you encounter a situation where death is an immediate and unavoidable outcome**, you are dead. **When you are instead brought to the brink of death with a chance for recovery or redemption**, roll +heart.\n\nOn a **strong hit**, you are cast back into the mortal world.\n\nOn a **weak hit**, choose one.\n\n  * You die, but not before making a noble sacrifice. Envision your final moments.\n  * There is more to be done. Envision what is revealed to you or asked of you at death’s door (__Ask the Oracle__ if unsure), and __Swear an Iron Vow__ to complete an extreme quest. You return to the mortal world and must mark **doomed**. When you complete the death-bound quest, clear the impact.\n\nOn a **miss**, you are dead."
    },
    "Face Desolation": {
      "Text": "**When you are brought to the brink of desolation**, roll +heart. On a **strong hit**, you resist and press on.\n\nOn a **weak hit**, choose one.\n\n  * Your spirit breaks, but not before you make a noble sacrifice. Envision your final moments.\n  * You see a vision of a dreaded event coming to pass. Envision that dark future (__Ask the Oracle__ if unsure), and __Swear an Iron Vow__ to prevent it through an extreme quest. You return to your senses and must mark **tormented**. When you complete the soul-bound quest, clear the impact.\n\nOn a **miss**, you succumb to despair or horror and are lost."
    },
    "Overcome Destruction": {
      "Text": "***Progress Move***\n\n**When your command vehicle is destroyed**, you must discard the asset, along with any modules and docked support vehicles.\n\nIf you survive, you may use your connections to replace some of what was lost. To learn the cost, roll the challenge dice and compare to the progress on your bonds legacy track. Momentum is ignored on this roll.\n\nOn a **strong hit**, you may call in a favor. This comes without conditions.\n\nOn a **weak hit**, you owe someone. You must mark **indebted** and __Swear an Iron Vow__ to complete an extreme quest in their service. When you complete the duty- bound quest, clear the impact.\n\nOn a **miss**, as with the weak hit result, but this quest is against your nature, forces you to __Forsake Your Vow__ on another quest, or is in the service of an enemy.\n\nIf you accept the cost, take 1 experience for every marked ability on the discarded assets (minimum 3 experience). Spend this experience only on a new command vehicle, modules, and support vehicles."
    }
  },
  "Recover Moves": {
    "Sojourn": {
      "Text": "**When you spend time recovering within a community**, roll +heart.\n\nOn a **strong hit**, you are safe here. You and your allies may each choose two recover moves: __Heal__, __Hearten__, __Repair__, or __Resupply__. Instead of rolling, assume an automatic strong hit for each. An individual move can be taken more than once.\n\nOn a **weak hit**, as above, but time is short or resources are strained. You and your allies each make one recover move instead of two, with no more than three moves total among the group.\n\nOn a **miss**, choose one.\n\n  * The community needs your help, or makes a costly demand in exchange for safe harbor. Envision what they ask of you (__Ask the Oracle__ if unsure). If you do it, or __Swear an Iron Vow__ to see it done, resolve this move as a strong hit.\n  * You find no relief, and the situation grows worse. __Pay the Price__."
    },
    "Heal": {
      "Text": "**When you receive medical care or provide treatment**, envision the situation and roll. If you...\n\n  * Receive treatment from someone (not an ally): Roll +iron\n  * Mend your own wounds: Roll +iron or +wits, whichever is lower\n  * Obtain treatment for a companion: Roll +heart\n  * Provide care: Roll +wits\n\nOn a **strong hit**, the care is helpful. If you (or the ally under your care) are wounded, clear the impact and take or give +2 health. Otherwise, take or give +3 health.\n\nOn a **weak hit**, as above, but the recovery costs extra time or resources. Choose one: __Lose Momentum (-2)__ or __Sacrifice Resources (-2)__.\n\nOn a **miss**, the aid is ineffective and the situation worsens. __Pay the Price__."
    },
    "Hearten": {
      "Text": "**When you socialize, share intimacy, or find a moment of peace**, roll +heart.\n\nOn a **strong hit**, you find companionship or comfort and your spirit is strengthened. If you are shaken, clear the impact and take +1 spirit. Otherwise, take +2 spirit. If you make this move as you __Sojourn__, take +1 more.\n\nOn a **weak hit**, as above, but this indulgence is fleeting. Envision an interruption, complication, or inner conflict (__Ask the Oracle__ if unsure) and __Lose Momentum (-1)__.\n\nOn a **miss**, you take no comfort and the situation worsens. __Pay the Price__."
    },
    "Repair": {
      "Text": "**When you make repairs to your vehicles, modules, mechanical companions, or other equipment**, envision the situation and roll.\n\n  * Making your own repairs, or direct a companion to make repairs: Roll +wits\n  * Obtaining repairs from someone (not an ally): Roll +supply and __Sacrifice Resources (-1)__.\n\nOn a **hit**, you gain repair points as appropriate to the situation, per the table below.\n\nSituation     | Strong Hit | Weak Hit\n--------------|------------|---------\nAt a facility | 5 points   | 3 points\nIn the field  | 4 points   | 2 points\nUnder fire    | 3 points   | 1 point\n\nAdditionally, you may __Sacrifice Resources (-1)__, and add 1 repair point.\n\nIf you are repairing a battered vehicle, first spend 2 repair points to clear that impact. Then, spend each point to do one of the following: take +1 integrity for a vehicle, give a mechanical companion +1 health, or restore one broken module. If you are repairing something other than those options, spend 5 points to bring it back to full working condition, or 3 points to repair with a complication or persistent malfunction. Unused points are discarded.\n\nOn a **miss**, the repairs are not made and the situation worsens. __Pay the Price__."
    },
    "Resupply": {
      "Text": "**When you attempt to bolster your readiness**, envision the opportunity and your approach. If you...\n\n  * Barter or make an appeal: Roll +heart\n  * Threaten: Roll +iron\n  * Steal or swindle: Roll +shadow\n  * Scavenge: Roll +wits\n\nOn a **strong hit**, choose one:\n\n  * If you are unprepared, clear the impact and take +1 supply. Otherwise, take +2 supply.\n  * If you are in need of a specific item or resource which can reasonably be obtained here, you acquire it. Take +1 momentum.\n\nOn a **weak hit**, as above, but you must first deal with a cost, complication, or demand. Envision the nature of this obstacle (__Ask the Oracle__ if unsure).\n\nOn a **miss**, you encounter an unexpected complication. __Pay the Price__."
    },
    "Advance": {
      "Text": "**When you fill a box (four ticks) on any legacy track**, take 2 experience. You may spend 2 experience to upgrade an asset, or 3 experience to add a new asset.\n\nOnce you completely fill the tenth box on any legacy track, clear that track. You may start again marking progress on the cleared track, but earn experience at a reduced rate of 1 experience (instead of 2) for each filled progress box. If you make a progress roll against this track, resolve the outcome as if at 10 progress."
    },
    "Continue a Legacy": {
      "Text": "***Progress Move***\n\nWhen you retire from your life as Ironsworn, or succumb to death or desolation, you may create a new character in your established setting. If you do, roll the challenge dice against each of the former character’s legacy tracks: Quests, bonds, and discoveries (one roll per track). Momentum is ignored on these rolls.\n\nFor each **strong hit**, choose one from below, or one from the weak hit or miss options.\n\n  * Follow their path: Take one path or companion asset from the former character (at no cost), including any marked abilities.\n  * Share a connection: Take one connection from the former character, including any accrued progress or bond benefits.\n  * Accept an inheritance: Take the former character’s command vehicle and one module or support vehicle (at no cost), including any marked abilities.\n\nFor each **weak hit**, choose one from below, or one from the miss options.\n\n  * See it through: Choose one of the former character’s unfinished quests, and __Swear an Iron Vow__ (with an automatic strong hit) to see it done. You may immediately mark up to half their earned progress (round down) on this quest.\n  * Rebuild a connection: Name one of the former character’s connections, and envision how time or circumstances have changed them in a dramatic way. __Make a Connection__ with them, and take an automatic strong hit.\n  * Explore familiar ground: Name a location which was meaningful to the former character. When you first visit that place, envision how it has changed or is endangered. Then, mark two ticks on your discoveries legacy track.\n\nFor each **miss**, choose one.\n\n  * Deal with the aftermath: Envision how one of your former character’s foes has taken advantage of a forsaken or unfulfilled vow to gain power or influence.\n  * Switch loyalties: Envision how you begin in opposition to your former character’s beliefs, goals, or allegiances.\n  * Open Pandora’s Box: Envision how an advancement or discovery has unleashed unexpectedly dire consequences."
    }
  }
}
