{
  "Title": "Starforged Moves - Oracles",
  "Source": {
    "Name": "Starforged Playtest Moves",
    "Version": "122020"
  },
  "Oracles": {
    "Make a Discovery": [
      {
        "Chance": 4,
        "Description": "Advanced technology waiting to be harnessed or salvaged"
      },
      {
        "Chance": 8,
        "Description": "Ancient archive or message"
      },
      {
        "Chance": 10,
        "Description": "Artificial consciousness evolved to a higher state"
      },
      {
        "Chance": 12,
        "Description": "Clues to a crucial resource or uncharted domain"
      },
      {
        "Chance": 14,
        "Description": "Envoy from another time or reality"
      },
      {
        "Chance": 22,
        "Description": "Extraordinary natural phenomenon"
      },
      {
        "Chance": 24,
        "Description": "First contact with intelligent life"
      },
      {
        "Chance": 26,
        "Description": "Gateway to another time or alternate reality"
      },
      {
        "Chance": 28,
        "Description": "Key to unlocking a language or method of communication"
      },
      {
        "Chance": 34,
        "Description": "Lost or hidden people"
      },
      {
        "Chance": 42,
        "Description": "Majestic or unusual lifeforms"
      },
      {
        "Chance": 46,
        "Description": "Marvel of ancient engineering"
      },
      {
        "Chance": 50,
        "Description": "Miraculously preserved artifact or specimen"
      },
      {
        "Chance": 56,
        "Description": "Monumental architecture or artistry of an ancient civilization"
      },
      {
        "Chance": 62,
        "Description": "Mysterious device or artifact of potential value"
      },
      {
        "Chance": 66,
        "Description": "New understanding of an enduring mystery"
      },
      {
        "Chance": 68,
        "Description": "Pathway or means of travel to a distant location"
      },
      {
        "Chance": 70,
        "Description": "Person or lifeform with phenomenal abilities"
      },
      {
        "Chance": 78,
        "Description": "Place of awe-inspiring beauty"
      },
      {
        "Chance": 86,
        "Description": "Rare and valuable resource"
      },
      {
        "Chance": 88,
        "Description": "Safeguarded or idyllic location"
      },
      {
        "Chance": 90,
        "Description": "Visions or prophesies of the future"
      },
      {
        "Chance": 100,
        "Description": "[Roll twice]"
      }
    ],
    "Confront Chaos": [
      {
        "Chance": 4,
        "Description": "Baneful weapon of mass destruction"
      },
      {
        "Chance": 9,
        "Description": "Cataclysmic environmental effects"
      },
      {
        "Chance": 12,
        "Description": "Dead given unnatural life"
      },
      {
        "Chance": 17,
        "Description": "Destructive lifeform of monstrous proportion"
      },
      {
        "Chance": 20,
        "Description": "Dread hallucinations or illusions"
      },
      {
        "Chance": 24,
        "Description": "Harbingers of an imminent invasion"
      },
      {
        "Chance": 27,
        "Description": "Horde of insatiable hunger or fury"
      },
      {
        "Chance": 32,
        "Description": "Horrific lifeforms of inscrutable purpose"
      },
      {
        "Chance": 36,
        "Description": "Impostors in human form"
      },
      {
        "Chance": 41,
        "Description": "Machines made enemy"
      },
      {
        "Chance": 45,
        "Description": "Malignant contagion or parasite"
      },
      {
        "Chance": 50,
        "Description": "Messenger or signal with a dire warning"
      },
      {
        "Chance": 53,
        "Description": "Passage to a grim alternate reality"
      },
      {
        "Chance": 58,
        "Description": "People corrupted by chaos"
      },
      {
        "Chance": 63,
        "Description": "Powerful distortions of time or space"
      },
      {
        "Chance": 68,
        "Description": "Signs of an impending catastrophe"
      },
      {
        "Chance": 72,
        "Description": "Site of a baffling disappearance"
      },
      {
        "Chance": 77,
        "Description": "Site of a horrible disaster"
      },
      {
        "Chance": 82,
        "Description": "Site of terrible carnage"
      },
      {
        "Chance": 87,
        "Description": "Technology nullified or made unstable"
      },
      {
        "Chance": 92,
        "Description": "Technology warped for dark purpose"
      },
      {
        "Chance": 96,
        "Description": "Vault of dread technology or power"
      },
      {
        "Chance": 100,
        "Description": "Worshipers of great and malevolent powers"
      }
    ],
    "Pay the Price": [
      {
        "Chance": 2,
        "Description": "A trusted individual or community acts against you"
      },
      {
        "Chance": 4,
        "Description": "An individual or community you care about is exposed to danger"
      },
      {
        "Chance": 7,
        "Description": "You encounter signs of a looming threat or complication"
      },
      {
        "Chance": 10,
        "Description": "You create an opportunity for an enemy"
      },
      {
        "Chance": 14,
        "Description": "You face a tough choice"
      },
      {
        "Chance": 18,
        "Description": "You face the consequences of an earlier choice"
      },
      {
        "Chance": 22,
        "Description": "A surprising development complicates your quest"
      },
      {
        "Chance": 26,
        "Description": "You are separated from something or someone"
      },
      {
        "Chance": 32,
        "Description": "Your action causes collateral damage or has an unintended effect"
      },
      {
        "Chance": 38,
        "Description": "Something of value is lost or destroyed"
      },
      {
        "Chance": 44,
        "Description": "The environment or terrain introduces a new hazard"
      },
      {
        "Chance": 50,
        "Description": "A new enemy is revealed"
      },
      {
        "Chance": 56,
        "Description": "Your equipment or vehicle malfunctions"
      },
      {
        "Chance": 62,
        "Description": "A friend, companion, or ally is in harm's way (or you are, if alone)"
      },
      {
        "Chance": 68,
        "Description": "Your vehicle suffers damage"
      },
      {
        "Chance": 74,
        "Description": "You waste resources"
      },
      {
        "Chance": 81,
        "Description": "You are harmed"
      },
      {
        "Chance": 88,
        "Description": "You are stressed"
      },
      {
        "Chance": 95,
        "Description": "You are delayed or put at a disadvantage"
      },
      {
        "Chance": 100,
        "Description": "[Roll twice]"
      }
    ],
    "Take Decisive Action": [
      {
        "Chance": 40,
        "Description": "It's worse than you thought: You or an ally make a suffer move (-2)"
      },
      {
        "Chance": 52,
        "Description": "The victory is short-lived: A new complication or foe is revealed"
      },
      {
        "Chance": 64,
        "Description": "You face collateral damage: Something is lost, damaged, or broken"
      },
      {
        "Chance": 76,
        "Description": "Others pay the price: Someone else suffers the cost"
      },
      {
        "Chance": 88,
        "Description": "Others won't forget: You are marked for vengeance"
      },
      {
        "Chance": 100,
        "Description": "It gets complicated: The true nature of a foe or objective is revealed"
      }
    ],
    "Endure Harm": [
      {
        "Chance": 10,
        "Description": "You suffer mortal harm. __Face Death__."
      },
      {
        "Chance": 20,
        "Description": "You are dying. Within an hour or two, you must __Heal__ and raise your health above 0, or __Face Death__."
      },
      {
        "Chance": 35,
        "Description": "You are unconscious and out of action. If left alone, you come back to your senses in an hour or two. If you are vulnerable to ongoing harm, __Face Death__."
      },
      {
        "Chance": 50,
        "Description": "You are reeling and fighting to stay conscious. If you engage in any vigorous activity before taking a breather for a few minutes, roll on this table again (before resolving the other move)."
      },
      {
        "Chance": 100,
        "Description": "You are still standing."
      }
    ],
    "Endure Stress": [
      {
        "Chance": 10,
        "Description": "You are overwhelmed. __Face Desolation__."
      },
      {
        "Chance": 25,
        "Description": "You give up. __Forsake Your Vow__."
      },
      {
        "Chance": 50,
        "Description": "You give in to fear or compulsion, and act against your better instincts."
      },
      {
        "Chance": 100,
        "Description": "You persevere."
      }
    ],
    "Withstand Damage": [
      {
        "Chance": 10,
        "Description": "Immediate catastrophic destruction. All aboard must __Endure Harm__ or __Face Death__, as appropriate."
      },
      {
        "Chance": 25,
        "Description": "Destruction is imminent and unavoidable. If you do not have the means or intention to get clear, __Endure Harm__ or __Face Death__, as appropriate."
      },
      {
        "Chance": 40,
        "Description": "Destruction is imminent, but can be averted if you __Repair__ your vehicle and raise its integrity above 0. If you fail, see 11-25."
      },
      {
        "Chance": 55,
        "Description": "You cannot __Repair__ this vehicle until you __Resupply__ and obtain a crucial replacement part. If you roll this result again prior to that, see 11-25."
      },
      {
        "Chance": 70,
        "Description": "The vehicle is crippled or out of your control. To get it back in action, you must __Repair__ and raise its integrity above 0."
      },
      {
        "Chance": 85,
        "Description": "It's a rough ride. All aboard suffer must make the __Endure Harm__, __Endure Stress__, or __Companion Takes a Hit__ move, suffering a serious (-2) cost."
      },
      {
        "Chance": 95,
        "Description": "You've lost fuel, energy, or cargo. __Sacrifice Resources (-2)__."
      },
      {
        "Chance": 100,
        "Description": "Against all odds, the vehicle holds together."
      }
    ]
  }
}
