{
  "Title": "Starforged Oracles - Interpretive",
  "Source": {
    "Name": "Starforged Playtest Oracles",
    "Version": "091420"
  },
  "Oracles": {
    "Action": [
      {
        "Chance": 1,
        "Description": "Abandon"
      },
      {
        "Chance": 2,
        "Description": "Acquire"
      },
      {
        "Chance": 3,
        "Description": "Advance"
      },
      {
        "Chance": 4,
        "Description": "Affect"
      },
      {
        "Chance": 5,
        "Description": "Aid"
      },
      {
        "Chance": 6,
        "Description": "Arrive"
      },
      {
        "Chance": 7,
        "Description": "Assault"
      },
      {
        "Chance": 8,
        "Description": "Attack"
      },
      {
        "Chance": 9,
        "Description": "Avenge"
      },
      {
        "Chance": 10,
        "Description": "Avoid"
      },
      {
        "Chance": 11,
        "Description": "Await"
      },
      {
        "Chance": 12,
        "Description": "Begin"
      },
      {
        "Chance": 13,
        "Description": "Betray"
      },
      {
        "Chance": 14,
        "Description": "Bolster"
      },
      {
        "Chance": 15,
        "Description": "Breach"
      },
      {
        "Chance": 16,
        "Description": "Break"
      },
      {
        "Chance": 17,
        "Description": "Capture"
      },
      {
        "Chance": 18,
        "Description": "Challenge"
      },
      {
        "Chance": 19,
        "Description": "Change"
      },
      {
        "Chance": 20,
        "Description": "Charge"
      },
      {
        "Chance": 21,
        "Description": "Clash"
      },
      {
        "Chance": 22,
        "Description": "Command"
      },
      {
        "Chance": 23,
        "Description": "Communicate"
      },
      {
        "Chance": 24,
        "Description": "Construct"
      },
      {
        "Chance": 25,
        "Description": "Control"
      },
      {
        "Chance": 26,
        "Description": "Coordinate"
      },
      {
        "Chance": 27,
        "Description": "Create"
      },
      {
        "Chance": 28,
        "Description": "Debate"
      },
      {
        "Chance": 29,
        "Description": "Defeat"
      },
      {
        "Chance": 30,
        "Description": "Defend"
      },
      {
        "Chance": 31,
        "Description": "Deflect"
      },
      {
        "Chance": 32,
        "Description": "Defy"
      },
      {
        "Chance": 33,
        "Description": "Deliver"
      },
      {
        "Chance": 34,
        "Description": "Demand"
      },
      {
        "Chance": 35,
        "Description": "Depart"
      },
      {
        "Chance": 36,
        "Description": "Destroy"
      },
      {
        "Chance": 37,
        "Description": "Distract"
      },
      {
        "Chance": 38,
        "Description": "Eliminate"
      },
      {
        "Chance": 39,
        "Description": "Endure"
      },
      {
        "Chance": 40,
        "Description": "Escalate"
      },
      {
        "Chance": 41,
        "Description": "Escort"
      },
      {
        "Chance": 42,
        "Description": "Evade"
      },
      {
        "Chance": 43,
        "Description": "Explore"
      },
      {
        "Chance": 44,
        "Description": "Falter"
      },
      {
        "Chance": 45,
        "Description": "Find"
      },
      {
        "Chance": 46,
        "Description": "Finish"
      },
      {
        "Chance": 47,
        "Description": "Focus"
      },
      {
        "Chance": 48,
        "Description": "Follow"
      },
      {
        "Chance": 49,
        "Description": "Fortify"
      },
      {
        "Chance": 50,
        "Description": "Gather"
      },
      {
        "Chance": 51,
        "Description": "Guard"
      },
      {
        "Chance": 52,
        "Description": "Hide"
      },
      {
        "Chance": 53,
        "Description": "Hold"
      },
      {
        "Chance": 54,
        "Description": "Hunt"
      },
      {
        "Chance": 55,
        "Description": "Impress"
      },
      {
        "Chance": 56,
        "Description": "Initiate"
      },
      {
        "Chance": 57,
        "Description": "Inspect"
      },
      {
        "Chance": 58,
        "Description": "Investigate"
      },
      {
        "Chance": 59,
        "Description": "Journey"
      },
      {
        "Chance": 60,
        "Description": "Learn"
      },
      {
        "Chance": 61,
        "Description": "Leave"
      },
      {
        "Chance": 62,
        "Description": "Locate"
      },
      {
        "Chance": 63,
        "Description": "Lose"
      },
      {
        "Chance": 64,
        "Description": "Manipulate"
      },
      {
        "Chance": 65,
        "Description": "Mourn"
      },
      {
        "Chance": 66,
        "Description": "Move"
      },
      {
        "Chance": 67,
        "Description": "Oppose"
      },
      {
        "Chance": 68,
        "Description": "Overwhelm"
      },
      {
        "Chance": 69,
        "Description": "Persevere"
      },
      {
        "Chance": 70,
        "Description": "Preserve"
      },
      {
        "Chance": 71,
        "Description": "Protect"
      },
      {
        "Chance": 72,
        "Description": "Raid"
      },
      {
        "Chance": 73,
        "Description": "Reduce"
      },
      {
        "Chance": 74,
        "Description": "Refuse"
      },
      {
        "Chance": 75,
        "Description": "Reject"
      },
      {
        "Chance": 76,
        "Description": "Release"
      },
      {
        "Chance": 77,
        "Description": "Remove"
      },
      {
        "Chance": 78,
        "Description": "Research"
      },
      {
        "Chance": 79,
        "Description": "Resist"
      },
      {
        "Chance": 80,
        "Description": "Restore"
      },
      {
        "Chance": 81,
        "Description": "Reveal"
      },
      {
        "Chance": 82,
        "Description": "Risk"
      },
      {
        "Chance": 83,
        "Description": "Scheme"
      },
      {
        "Chance": 84,
        "Description": "Search"
      },
      {
        "Chance": 85,
        "Description": "Secure"
      },
      {
        "Chance": 86,
        "Description": "Seize"
      },
      {
        "Chance": 87,
        "Description": "Serve"
      },
      {
        "Chance": 88,
        "Description": "Share"
      },
      {
        "Chance": 89,
        "Description": "Strengthen"
      },
      {
        "Chance": 90,
        "Description": "Summon"
      },
      {
        "Chance": 91,
        "Description": "Support"
      },
      {
        "Chance": 92,
        "Description": "Suppress"
      },
      {
        "Chance": 93,
        "Description": "Surrender"
      },
      {
        "Chance": 94,
        "Description": "Swear"
      },
      {
        "Chance": 95,
        "Description": "Threaten"
      },
      {
        "Chance": 96,
        "Description": "Transform"
      },
      {
        "Chance": 97,
        "Description": "Uncover"
      },
      {
        "Chance": 98,
        "Description": "Uphold"
      },
      {
        "Chance": 99,
        "Description": "Weaken"
      },
      {
        "Chance": 100,
        "Description": "Withdraw"
      }
    ],
    "Theme": [
      {
        "Chance": 1,
        "Description": "Ability"
      },
      {
        "Chance": 2,
        "Description": "Advantage"
      },
      {
        "Chance": 3,
        "Description": "Alliance"
      },
      {
        "Chance": 4,
        "Description": "Authority"
      },
      {
        "Chance": 5,
        "Description": "Balance"
      },
      {
        "Chance": 6,
        "Description": "Barrier"
      },
      {
        "Chance": 7,
        "Description": "Belief"
      },
      {
        "Chance": 8,
        "Description": "Blood"
      },
      {
        "Chance": 9,
        "Description": "Bond"
      },
      {
        "Chance": 10,
        "Description": "Burden"
      },
      {
        "Chance": 11,
        "Description": "Clan"
      },
      {
        "Chance": 12,
        "Description": "Commerce"
      },
      {
        "Chance": 13,
        "Description": "Community"
      },
      {
        "Chance": 14,
        "Description": "Corruption"
      },
      {
        "Chance": 15,
        "Description": "Creation"
      },
      {
        "Chance": 16,
        "Description": "Crime"
      },
      {
        "Chance": 17,
        "Description": "Culture"
      },
      {
        "Chance": 18,
        "Description": "Cure"
      },
      {
        "Chance": 19,
        "Description": "Danger"
      },
      {
        "Chance": 20,
        "Description": "Death"
      },
      {
        "Chance": 21,
        "Description": "Debt"
      },
      {
        "Chance": 22,
        "Description": "Decay"
      },
      {
        "Chance": 23,
        "Description": "Deception"
      },
      {
        "Chance": 24,
        "Description": "Defense"
      },
      {
        "Chance": 25,
        "Description": "Destiny"
      },
      {
        "Chance": 26,
        "Description": "Disaster"
      },
      {
        "Chance": 27,
        "Description": "Discovery"
      },
      {
        "Chance": 28,
        "Description": "Disease"
      },
      {
        "Chance": 29,
        "Description": "Dominion"
      },
      {
        "Chance": 30,
        "Description": "Dream"
      },
      {
        "Chance": 31,
        "Description": "Duty"
      },
      {
        "Chance": 32,
        "Description": "Enemy"
      },
      {
        "Chance": 33,
        "Description": "Expedition"
      },
      {
        "Chance": 34,
        "Description": "Fame"
      },
      {
        "Chance": 35,
        "Description": "Family"
      },
      {
        "Chance": 36,
        "Description": "Fear"
      },
      {
        "Chance": 37,
        "Description": "Fellowship"
      },
      {
        "Chance": 38,
        "Description": "Freedom"
      },
      {
        "Chance": 39,
        "Description": "Greed"
      },
      {
        "Chance": 40,
        "Description": "Hardship"
      },
      {
        "Chance": 41,
        "Description": "Hate"
      },
      {
        "Chance": 42,
        "Description": "Health"
      },
      {
        "Chance": 43,
        "Description": "History"
      },
      {
        "Chance": 44,
        "Description": "Home"
      },
      {
        "Chance": 45,
        "Description": "Honor"
      },
      {
        "Chance": 46,
        "Description": "Hope"
      },
      {
        "Chance": 47,
        "Description": "Humanity"
      },
      {
        "Chance": 48,
        "Description": "Innocence"
      },
      {
        "Chance": 49,
        "Description": "Knowledge"
      },
      {
        "Chance": 50,
        "Description": "Labor"
      },
      {
        "Chance": 51,
        "Description": "Language"
      },
      {
        "Chance": 52,
        "Description": "Law"
      },
      {
        "Chance": 53,
        "Description": "Legacy"
      },
      {
        "Chance": 54,
        "Description": "Life"
      },
      {
        "Chance": 55,
        "Description": "Love"
      },
      {
        "Chance": 56,
        "Description": "Memory"
      },
      {
        "Chance": 57,
        "Description": "Mysticism"
      },
      {
        "Chance": 58,
        "Description": "Nature"
      },
      {
        "Chance": 59,
        "Description": "Opportunity"
      },
      {
        "Chance": 60,
        "Description": "Passage"
      },
      {
        "Chance": 61,
        "Description": "Peace"
      },
      {
        "Chance": 62,
        "Description": "Possession"
      },
      {
        "Chance": 63,
        "Description": "Power"
      },
      {
        "Chance": 64,
        "Description": "Price"
      },
      {
        "Chance": 65,
        "Description": "Pride"
      },
      {
        "Chance": 66,
        "Description": "Prize"
      },
      {
        "Chance": 67,
        "Description": "Prophesy"
      },
      {
        "Chance": 68,
        "Description": "Protection"
      },
      {
        "Chance": 69,
        "Description": "Quest"
      },
      {
        "Chance": 70,
        "Description": "Relationship"
      },
      {
        "Chance": 71,
        "Description": "Religion"
      },
      {
        "Chance": 72,
        "Description": "Reputation"
      },
      {
        "Chance": 73,
        "Description": "Resource"
      },
      {
        "Chance": 74,
        "Description": "Revenge"
      },
      {
        "Chance": 75,
        "Description": "Rival"
      },
      {
        "Chance": 76,
        "Description": "Rumor"
      },
      {
        "Chance": 77,
        "Description": "Safety"
      },
      {
        "Chance": 78,
        "Description": "Sanctuary"
      },
      {
        "Chance": 79,
        "Description": "Secret"
      },
      {
        "Chance": 80,
        "Description": "Solution"
      },
      {
        "Chance": 81,
        "Description": "Spirit"
      },
      {
        "Chance": 82,
        "Description": "Stranger"
      },
      {
        "Chance": 83,
        "Description": "Strategy"
      },
      {
        "Chance": 84,
        "Description": "Strength"
      },
      {
        "Chance": 85,
        "Description": "Superstition"
      },
      {
        "Chance": 86,
        "Description": "Supply"
      },
      {
        "Chance": 87,
        "Description": "Survival"
      },
      {
        "Chance": 88,
        "Description": "Technology"
      },
      {
        "Chance": 89,
        "Description": "Time"
      },
      {
        "Chance": 90,
        "Description": "Tool"
      },
      {
        "Chance": 91,
        "Description": "Trade"
      },
      {
        "Chance": 92,
        "Description": "Truth"
      },
      {
        "Chance": 93,
        "Description": "Vengeance"
      },
      {
        "Chance": 94,
        "Description": "Vow"
      },
      {
        "Chance": 95,
        "Description": "War"
      },
      {
        "Chance": 96,
        "Description": "Warning"
      },
      {
        "Chance": 97,
        "Description": "Weakness"
      },
      {
        "Chance": 98,
        "Description": "Wealth"
      },
      {
        "Chance": 99,
        "Description": "Weapon"
      },
      {
        "Chance": 100,
        "Description": "World"
      }
    ],
    "Descriptor": [
      {
        "Chance": 1,
        "Description": "Abandoned"
      },
      {
        "Chance": 2,
        "Description": "Abundant"
      },
      {
        "Chance": 3,
        "Description": "Active"
      },
      {
        "Chance": 4,
        "Description": "Advanced"
      },
      {
        "Chance": 5,
        "Description": "Alien"
      },
      {
        "Chance": 6,
        "Description": "Ancient"
      },
      {
        "Chance": 7,
        "Description": "Archaic"
      },
      {
        "Chance": 8,
        "Description": "Automated"
      },
      {
        "Chance": 9,
        "Description": "Barren"
      },
      {
        "Chance": 10,
        "Description": "Blighted"
      },
      {
        "Chance": 11,
        "Description": "Blocked"
      },
      {
        "Chance": 12,
        "Description": "Breached"
      },
      {
        "Chance": 13,
        "Description": "Broken"
      },
      {
        "Chance": 14,
        "Description": "Captured"
      },
      {
        "Chance": 15,
        "Description": "Civilized"
      },
      {
        "Chance": 16,
        "Description": "Collapsed"
      },
      {
        "Chance": 17,
        "Description": "Colossal"
      },
      {
        "Chance": 18,
        "Description": "Confined"
      },
      {
        "Chance": 19,
        "Description": "Conspicuous"
      },
      {
        "Chance": 20,
        "Description": "Constructed"
      },
      {
        "Chance": 21,
        "Description": "Contested"
      },
      {
        "Chance": 22,
        "Description": "Corrupted"
      },
      {
        "Chance": 23,
        "Description": "Created"
      },
      {
        "Chance": 24,
        "Description": "Damaged"
      },
      {
        "Chance": 25,
        "Description": "Dead"
      },
      {
        "Chance": 26,
        "Description": "Deadly"
      },
      {
        "Chance": 27,
        "Description": "Decaying"
      },
      {
        "Chance": 28,
        "Description": "Defended"
      },
      {
        "Chance": 29,
        "Description": "Depleted"
      },
      {
        "Chance": 30,
        "Description": "Desolate"
      },
      {
        "Chance": 31,
        "Description": "Destroyed"
      },
      {
        "Chance": 32,
        "Description": "Diverse"
      },
      {
        "Chance": 33,
        "Description": "Empty"
      },
      {
        "Chance": 34,
        "Description": "Engulfed"
      },
      {
        "Chance": 35,
        "Description": "Ensnaring"
      },
      {
        "Chance": 36,
        "Description": "Expansive"
      },
      {
        "Chance": 37,
        "Description": "Exposed"
      },
      {
        "Chance": 38,
        "Description": "Fiery"
      },
      {
        "Chance": 39,
        "Description": "Foreboding"
      },
      {
        "Chance": 40,
        "Description": "Forgotten"
      },
      {
        "Chance": 41,
        "Description": "Forsaken"
      },
      {
        "Chance": 42,
        "Description": "Fortified"
      },
      {
        "Chance": 43,
        "Description": "Foul"
      },
      {
        "Chance": 44,
        "Description": "Fragile"
      },
      {
        "Chance": 45,
        "Description": "Frozen"
      },
      {
        "Chance": 46,
        "Description": "Functional"
      },
      {
        "Chance": 47,
        "Description": "Grim"
      },
      {
        "Chance": 48,
        "Description": "Guarded"
      },
      {
        "Chance": 49,
        "Description": "Haunted"
      },
      {
        "Chance": 50,
        "Description": "Hidden"
      },
      {
        "Chance": 51,
        "Description": "High-Tech"
      },
      {
        "Chance": 52,
        "Description": "Hoarded"
      },
      {
        "Chance": 53,
        "Description": "Hostile"
      },
      {
        "Chance": 54,
        "Description": "Immersed"
      },
      {
        "Chance": 55,
        "Description": "Inaccessible"
      },
      {
        "Chance": 56,
        "Description": "Infested"
      },
      {
        "Chance": 57,
        "Description": "Inhabited"
      },
      {
        "Chance": 58,
        "Description": "Isolated"
      },
      {
        "Chance": 59,
        "Description": "Lush"
      },
      {
        "Chance": 60,
        "Description": "Makeshift"
      },
      {
        "Chance": 61,
        "Description": "Mechanical"
      },
      {
        "Chance": 62,
        "Description": "Misleading"
      },
      {
        "Chance": 63,
        "Description": "Moving"
      },
      {
        "Chance": 64,
        "Description": "Mysterious"
      },
      {
        "Chance": 65,
        "Description": "Mystical"
      },
      {
        "Chance": 66,
        "Description": "Natural"
      },
      {
        "Chance": 67,
        "Description": "New"
      },
      {
        "Chance": 68,
        "Description": "Obscured"
      },
      {
        "Chance": 69,
        "Description": "Open"
      },
      {
        "Chance": 70,
        "Description": "Organic"
      },
      {
        "Chance": 71,
        "Description": "Peaceful"
      },
      {
        "Chance": 72,
        "Description": "Perilous"
      },
      {
        "Chance": 73,
        "Description": "Pillaged"
      },
      {
        "Chance": 74,
        "Description": "Powerful"
      },
      {
        "Chance": 75,
        "Description": "Preserved"
      },
      {
        "Chance": 76,
        "Description": "Prominent"
      },
      {
        "Chance": 77,
        "Description": "Protected"
      },
      {
        "Chance": 78,
        "Description": "Radiant"
      },
      {
        "Chance": 79,
        "Description": "Rare"
      },
      {
        "Chance": 80,
        "Description": "Remote"
      },
      {
        "Chance": 81,
        "Description": "Rich"
      },
      {
        "Chance": 82,
        "Description": "Ruined"
      },
      {
        "Chance": 83,
        "Description": "Sacred"
      },
      {
        "Chance": 84,
        "Description": "Safe"
      },
      {
        "Chance": 85,
        "Description": "Sealed"
      },
      {
        "Chance": 86,
        "Description": "Secret"
      },
      {
        "Chance": 87,
        "Description": "Settled"
      },
      {
        "Chance": 88,
        "Description": "Stolen"
      },
      {
        "Chance": 89,
        "Description": "Strange"
      },
      {
        "Chance": 90,
        "Description": "Subsurface"
      },
      {
        "Chance": 91,
        "Description": "Supernatural"
      },
      {
        "Chance": 92,
        "Description": "Toxic"
      },
      {
        "Chance": 93,
        "Description": "Trapped"
      },
      {
        "Chance": 94,
        "Description": "Undiscovered"
      },
      {
        "Chance": 95,
        "Description": "Unnatural"
      },
      {
        "Chance": 96,
        "Description": "Unstable"
      },
      {
        "Chance": 97,
        "Description": "Untamed"
      },
      {
        "Chance": 98,
        "Description": "Valuable"
      },
      {
        "Chance": 99,
        "Description": "Veiled"
      },
      {
        "Chance": 100,
        "Description": "Violent"
      }
    ],
    "Focus": [
      {
        "Chance": 1,
        "Description": "AI"
      },
      {
        "Chance": 2,
        "Description": "Alarm"
      },
      {
        "Chance": 3,
        "Description": "Anomaly"
      },
      {
        "Chance": 4,
        "Description": "Apparition"
      },
      {
        "Chance": 5,
        "Description": "Archive"
      },
      {
        "Chance": 6,
        "Description": "Art"
      },
      {
        "Chance": 7,
        "Description": "Artifact"
      },
      {
        "Chance": 8,
        "Description": "Atmosphere"
      },
      {
        "Chance": 9,
        "Description": "Battleground"
      },
      {
        "Chance": 10,
        "Description": "Beacon"
      },
      {
        "Chance": 11,
        "Description": "Being"
      },
      {
        "Chance": 12,
        "Description": "Blockade"
      },
      {
        "Chance": 13,
        "Description": "Boundary"
      },
      {
        "Chance": 14,
        "Description": "Cache"
      },
      {
        "Chance": 15,
        "Description": "Cargo"
      },
      {
        "Chance": 16,
        "Description": "Commodity"
      },
      {
        "Chance": 17,
        "Description": "Confinement"
      },
      {
        "Chance": 18,
        "Description": "Container"
      },
      {
        "Chance": 19,
        "Description": "Creature"
      },
      {
        "Chance": 20,
        "Description": "Crossing"
      },
      {
        "Chance": 21,
        "Description": "Data"
      },
      {
        "Chance": 22,
        "Description": "Debris"
      },
      {
        "Chance": 23,
        "Description": "Device"
      },
      {
        "Chance": 24,
        "Description": "Dimension"
      },
      {
        "Chance": 25,
        "Description": "Ecosystem"
      },
      {
        "Chance": 26,
        "Description": "Enclosure"
      },
      {
        "Chance": 27,
        "Description": "Energy"
      },
      {
        "Chance": 28,
        "Description": "Environment"
      },
      {
        "Chance": 29,
        "Description": "Equipment"
      },
      {
        "Chance": 30,
        "Description": "Facility"
      },
      {
        "Chance": 31,
        "Description": "Fleet"
      },
      {
        "Chance": 32,
        "Description": "Force"
      },
      {
        "Chance": 33,
        "Description": "Fortification"
      },
      {
        "Chance": 34,
        "Description": "Fuel"
      },
      {
        "Chance": 35,
        "Description": "Gas"
      },
      {
        "Chance": 36,
        "Description": "Grave"
      },
      {
        "Chance": 37,
        "Description": "Gravity"
      },
      {
        "Chance": 38,
        "Description": "Habitat"
      },
      {
        "Chance": 39,
        "Description": "Hazard"
      },
      {
        "Chance": 40,
        "Description": "Hideaway"
      },
      {
        "Chance": 41,
        "Description": "Home"
      },
      {
        "Chance": 42,
        "Description": "Illusion"
      },
      {
        "Chance": 43,
        "Description": "Industry"
      },
      {
        "Chance": 44,
        "Description": "Installation"
      },
      {
        "Chance": 45,
        "Description": "Lair"
      },
      {
        "Chance": 46,
        "Description": "Lifeform"
      },
      {
        "Chance": 47,
        "Description": "Liquid"
      },
      {
        "Chance": 48,
        "Description": "Machine"
      },
      {
        "Chance": 49,
        "Description": "Material"
      },
      {
        "Chance": 50,
        "Description": "Mechanism"
      },
      {
        "Chance": 51,
        "Description": "Message"
      },
      {
        "Chance": 52,
        "Description": "Mineral"
      },
      {
        "Chance": 53,
        "Description": "Monument"
      },
      {
        "Chance": 54,
        "Description": "Network"
      },
      {
        "Chance": 55,
        "Description": "Obstacle"
      },
      {
        "Chance": 56,
        "Description": "Orbit"
      },
      {
        "Chance": 57,
        "Description": "Organism"
      },
      {
        "Chance": 58,
        "Description": "Outpost"
      },
      {
        "Chance": 59,
        "Description": "Path"
      },
      {
        "Chance": 60,
        "Description": "People"
      },
      {
        "Chance": 61,
        "Description": "Person"
      },
      {
        "Chance": 62,
        "Description": "Portal"
      },
      {
        "Chance": 63,
        "Description": "Probe"
      },
      {
        "Chance": 64,
        "Description": "Reality"
      },
      {
        "Chance": 65,
        "Description": "Recording"
      },
      {
        "Chance": 66,
        "Description": "Refuge"
      },
      {
        "Chance": 67,
        "Description": "Relic"
      },
      {
        "Chance": 68,
        "Description": "Remains"
      },
      {
        "Chance": 69,
        "Description": "Rendezvous"
      },
      {
        "Chance": 70,
        "Description": "Resource"
      },
      {
        "Chance": 71,
        "Description": "Route"
      },
      {
        "Chance": 72,
        "Description": "Ruins"
      },
      {
        "Chance": 73,
        "Description": "Salvage"
      },
      {
        "Chance": 74,
        "Description": "Settlement"
      },
      {
        "Chance": 75,
        "Description": "Shelter"
      },
      {
        "Chance": 76,
        "Description": "Shortcut"
      },
      {
        "Chance": 77,
        "Description": "Signal"
      },
      {
        "Chance": 78,
        "Description": "Sound"
      },
      {
        "Chance": 79,
        "Description": "Spacetime"
      },
      {
        "Chance": 80,
        "Description": "Starship"
      },
      {
        "Chance": 81,
        "Description": "Station"
      },
      {
        "Chance": 82,
        "Description": "Storage"
      },
      {
        "Chance": 83,
        "Description": "Storm"
      },
      {
        "Chance": 84,
        "Description": "Structure"
      },
      {
        "Chance": 85,
        "Description": "Supply"
      },
      {
        "Chance": 86,
        "Description": "Symbol"
      },
      {
        "Chance": 87,
        "Description": "System"
      },
      {
        "Chance": 88,
        "Description": "Technology"
      },
      {
        "Chance": 89,
        "Description": "Terrain"
      },
      {
        "Chance": 90,
        "Description": "Territory"
      },
      {
        "Chance": 91,
        "Description": "Transportation"
      },
      {
        "Chance": 92,
        "Description": "Trap"
      },
      {
        "Chance": 93,
        "Description": "Treasure"
      },
      {
        "Chance": 94,
        "Description": "Vehicle"
      },
      {
        "Chance": 95,
        "Description": "Viewpoint"
      },
      {
        "Chance": 96,
        "Description": "Void"
      },
      {
        "Chance": 97,
        "Description": "Weapon"
      },
      {
        "Chance": 98,
        "Description": "World"
      },
      {
        "Chance": 99,
        "Description": "Wreckage"
      },
      {
        "Chance": 100,
        "Description": "Zone"
      }
    ]
  }
}
